cell_id,cluster,tsne_1,tsne_2
neuron_1k_v2_bam_AAACGGGTCGGAATCT,4,21.017804844681773,-1.562213668470727
neuron_1k_v2_bam_AAAGATGCACTGCCAG,6,-16.191862538814732,-22.35098955113846
neuron_1k_v2_bam_AAAGATGGTCAGCTAT,2,-20.36920224907516,-17.58082349305912
neuron_1k_v2_bam_AAAGTAGTCCTGCCAT,4,-20.39806827328888,6.637088755190964
neuron_1k_v2_bam_AAATGCCAGACTCGGA,1,6.596552039871855,-0.6557751325743901
neuron_1k_v2_bam_AAATGCCCACCGTTGG,5,-22.104361156790567,-14.487359863851863
neuron_1k_v2_bam_AAATGCCTCGGCTACG,3,-24.82236642475579,-15.270275534346402
neuron_1k_v2_bam_AACACGTGTCCAAGTT,2,-15.825089704918582,2.7465787556010763
neuron_1k_v2_bam_AACACGTGTTCACCTC,6,-1.964559838084112,-0.746195271973476
neuron_1k_v2_bam_AACACGTTCAGTCAGT,4,18.76126613869997,5.958419522764979
neuron_1k_v2_bam_AACACGTTCGCATGAT,3,-26.443089683493202,-13.752173631303986
neuron_1k_v2_bam_AACACGTTCTTGTATC,6,2.0207014897966618,21.689139490181443
neuron_1k_v2_bam_AACCATGCAGGTTTCA,2,-8.656757380450458,10.495833826045645
neuron_1k_v2_bam_AACGTTGCACCCAGTG,4,15.963115258407697,7.9465132843534265
neuron_1k_v2_bam_AACGTTGCAGCCACCA,4,18.781348504616385,3.5598511926746736
neuron_1k_v2_bam_AACTCAGCATGCTAGT,5,5.2164833755060265,32.53678546406229
neuron_1k_v2_bam_AACTCCCAGTAATCCC,1,15.710700458212749,-17.412063927742935
neuron_1k_v2_bam_AACTCCCCACCGGAAA,4,20.313760784023685,2.5231876927578187
neuron_1k_v2_bam_AACTCCCGTTTGGGCC,1,11.324588369740315,-19.840380719984942
neuron_1k_v2_bam_AACTCTTAGATGCCAG,6,-0.10292376826963802,0.10574635951894826
neuron_1k_v2_bam_AACTCTTCAACTTGAC,4,8.008843769230587,2.52200072898085
neuron_1k_v2_bam_AACTCTTCAGTAAGAT,1,12.755940275495618,-20.121472780251132
neuron_1k_v2_bam_AACTCTTGTGTGCGTC,4,20.396985069751896,-0.9534301716131606
neuron_1k_v2_bam_AACTGGTCAAACCTAC,5,9.204319401192649,28.673048068290903
neuron_1k_v2_bam_AACTGGTGTCAACATC,4,15.470240362694268,0.39814505751156026
neuron_1k_v2_bam_AACTGGTGTTGCCTCT,6,-3.1959928717104957,0.704351163552159
neuron_1k_v2_bam_AACTGGTTCTCAAACG,2,-16.534770289060134,10.107482291685885
neuron_1k_v2_bam_AACTTTCAGTACGATA,2,-8.531272330038135,20.776381179282364
neuron_1k_v2_bam_AACTTTCAGTCCGTAT,2,-18.747960919462162,7.406486695302587
neuron_1k_v2_bam_AACTTTCCAGTGGGAT,2,-6.961222122609291,4.805405985816341
neuron_1k_v2_bam_AACTTTCGTAGCGTCC,5,8.778526027049816,28.795409138141352
neuron_1k_v2_bam_AACTTTCGTCGATTGT,4,14.816245641831717,4.938899714685362
neuron_1k_v2_bam_AACTTTCTCCAGATCA,5,-7.790353199174596,22.40822330405204
neuron_1k_v2_bam_AACTTTCTCCGTTGCT,1,15.183604709400967,-17.714403328614928
neuron_1k_v2_bam_AAGACCTAGATCCGAG,6,-1.9827449803636992,2.295673692660324
neuron_1k_v2_bam_AAGACCTAGGAGCGAG,3,-13.767545669811751,-19.406799126722913
neuron_1k_v2_bam_AAGACCTCAAGCCGTC,6,-14.667060398579855,-4.773517334655647
neuron_1k_v2_bam_AAGACCTCATCACGTA,4,13.555176102914729,-2.5578216331583175
neuron_1k_v2_bam_AAGACCTCATGCAACT,5,10.014369691794982,29.87297252356023
neuron_1k_v2_bam_AAGACCTTCCACTGGG,1,16.664239049683605,-19.944250653814503
neuron_1k_v2_bam_AAGCCGCAGAGACTTA,1,19.625519757063163,-9.332602725281347
neuron_1k_v2_bam_AAGCCGCAGGATGGTC,2,-16.475424897447958,-2.8272793559333174
neuron_1k_v2_bam_AAGCCGCCAAGCCCAC,4,-6.144377387936316,11.804503306398663
neuron_1k_v2_bam_AAGCCGCCATGAAGTA,4,12.881246791891817,-2.3485706068460837
neuron_1k_v2_bam_AAGCCGCTCGTGGTCG,3,-1.0898778925788937,-15.548995047219075
neuron_1k_v2_bam_AAGGAGCAGGTGTGGT,3,-3.266790952408297,-19.058116168091576
neuron_1k_v2_bam_AAGGAGCCAGCTTAAC,5,-0.4168112359512928,26.12852154832486
neuron_1k_v2_bam_AAGGAGCCATGTCCTC,6,-2.8626247618704603,-1.9606049535325727
neuron_1k_v2_bam_AAGGCAGAGCACACAG,5,0.1586258810687354,20.075559623503196
neuron_1k_v2_bam_AAGGCAGGTCATATGC,4,15.572388284941564,0.38383240166959554
neuron_1k_v2_bam_AAGGTTCAGTCTCGGC,3,-3.1033456098926098,-15.815897462959928
neuron_1k_v2_bam_AAGGTTCCAATGTTGC,1,22.28027740228295,-8.728223086440723
neuron_1k_v2_bam_AAGGTTCGTCTCCATC,3,-17.396997674217225,-19.094196704238495
neuron_1k_v2_bam_AAGTCTGAGGCCATAG,5,0.6151477295788175,26.818820745051962
neuron_1k_v2_bam_AAGTCTGCAGATCGGA,4,16.022459478338924,4.38809015491204
neuron_1k_v2_bam_AAGTCTGGTAAGTGTA,4,15.839043597324416,-2.2902741056472227
neuron_1k_v2_bam_AATCCAGAGCGCTCCA,2,-10.163206616999386,20.355673737551772
neuron_1k_v2_bam_AATCGGTGTCAATGTC,3,-23.62848296198525,-10.081201802883994
neuron_1k_v2_bam_ACACCAACATAAGACA,1,15.768050981050253,-18.91475735979021
neuron_1k_v2_bam_ACACCAACATTCCTGC,2,-20.977007022866694,-6.429257145561678
neuron_1k_v2_bam_ACACCAATCCGTAGGC,1,-0.2566409319732164,-14.838360719267532
neuron_1k_v2_bam_ACACCAATCGGGAGTA,1,22.887680129395992,-7.222207918416733
neuron_1k_v2_bam_ACACCCTCAGGAATCG,2,-15.788281900422168,2.7327023803397608
neuron_1k_v2_bam_ACACCGGAGTACACCT,5,3.4960871054490816,28.010582437666745
neuron_1k_v2_bam_ACACCGGCAGGGAGAG,5,4.858157994102249,27.06190097750457
neuron_1k_v2_bam_ACACCGGGTCATCGGC,3,-25.152984149916456,-11.683729142692458
neuron_1k_v2_bam_ACACCGGTCATCGATG,5,7.516483086549518,33.39614262039139
neuron_1k_v2_bam_ACACTGAAGGACTGGT,1,16.302264123084825,-16.183460656918722
neuron_1k_v2_bam_ACACTGAAGTTCGCAT,2,-31.873940404916056,8.140239253458555
neuron_1k_v2_bam_ACACTGACAGCGTCCA,5,8.054968899753204,29.15557401947028
neuron_1k_v2_bam_ACAGCCGTCTCGTATT,4,2.3932579240789535,7.881259489240391
neuron_1k_v2_bam_ACAGCTAAGACCTTTG,6,-6.812838988999832,2.7071781070934167
neuron_1k_v2_bam_ACAGCTAGTCGCGGTT,4,14.019817899253564,6.407467960492268
neuron_1k_v2_bam_ACATACGGTTGAACTC,5,0.6907739221969502,25.343725330718
neuron_1k_v2_bam_ACATCAGCATACGCCG,1,15.935345588107696,-12.05180101683754
neuron_1k_v2_bam_ACATCAGTCACAAACC,3,-16.03758908435711,-21.11238536431275
neuron_1k_v2_bam_ACATCAGTCCAATGGT,1,5.013343269605829,-18.170593700490418
neuron_1k_v2_bam_ACATGGTCATTACGAC,2,-31.09261209414619,9.711332989983479
neuron_1k_v2_bam_ACATGGTGTAGCTTGT,3,-25.98643980608487,-14.225115830334618
neuron_1k_v2_bam_ACCAGTAAGCTGATAA,5,4.014261293766008,26.346617465275592
neuron_1k_v2_bam_ACCAGTACATACAGCT,3,-18.76922590182794,-15.150353084690424
neuron_1k_v2_bam_ACCCACTCAAGCGTAG,2,-32.288245161561086,9.610522814750944
neuron_1k_v2_bam_ACCCACTGTCGTGGCT,6,0.7387108375421997,0.03001140583139379
neuron_1k_v2_bam_ACCGTAAAGGACACCA,3,-14.518622202040856,-20.228473822274996
neuron_1k_v2_bam_ACCGTAACACAGACAG,6,-2.5470359145552903,-1.1268635283806772
neuron_1k_v2_bam_ACCGTAACACATTCGA,2,-10.038287220113455,9.571874977219244
neuron_1k_v2_bam_ACCGTAAGTATAGGGC,1,14.790546665050728,-14.609887430000331
neuron_1k_v2_bam_ACCTTTAAGTGTACGG,6,-1.4144047088233054,-2.360654576790746
neuron_1k_v2_bam_ACCTTTACACCGAAAG,6,5.180001900245081,-6.960320904880607
neuron_1k_v2_bam_ACCTTTACATGTCGAT,4,3.2797552603888493,8.29428949131439
neuron_1k_v2_bam_ACCTTTAGTACATGTC,4,-1.0953007412420352,9.23524891001011
neuron_1k_v2_bam_ACCTTTAGTCGCGAAA,4,16.79894637860925,8.655642468401656
neuron_1k_v2_bam_ACCTTTATCCATGAGT,3,-0.7107131689211758,-12.906441094785672
neuron_1k_v2_bam_ACGAGCCGTTATCCGA,2,-14.308563998485743,8.724277029657662
neuron_1k_v2_bam_ACGAGGAAGAGTGAGA,1,12.643782671209957,-19.42944730598321
neuron_1k_v2_bam_ACGATACGTCAGAAGC,2,-16.349323157076935,1.2956162792483918
neuron_1k_v2_bam_ACGATACTCCGATATG,5,6.532699697732777,31.94240530201744
neuron_1k_v2_bam_ACGATGTCACAGACAG,3,-14.592323692142852,-19.47427301109649
neuron_1k_v2_bam_ACGATGTGTTGGTAAA,6,4.013492471127045,1.9699119558527003
neuron_1k_v2_bam_ACGCAGCAGGAGTTTA,3,-21.260460635513944,-17.86165491369883
neuron_1k_v2_bam_ACGCAGCGTTGAGTTC,6,-3.094218886766436,-1.18133081382346
neuron_1k_v2_bam_ACGCCAGAGCCAACAG,4,12.844253328959772,2.866722712127356
neuron_1k_v2_bam_ACGCCAGAGTGCCATT,2,-10.532365683477709,12.87557988919707
neuron_1k_v2_bam_ACGCCAGTCAGAGACG,4,15.725845241869305,6.3622616254876085
neuron_1k_v2_bam_ACGCCGAAGGTAAACT,1,21.834203995848263,-14.335861374902901
neuron_1k_v2_bam_ACGGAGACACCTATCC,1,20.15652931766628,-9.090559849411639
neuron_1k_v2_bam_ACGGAGAGTCGCTTTC,1,11.100254450741145,-18.218076726648338
neuron_1k_v2_bam_ACGGCCAAGAAGGCCT,5,8.080415809370486,30.467535084989912
neuron_1k_v2_bam_ACGGCCATCAGGCGAA,1,4.466375902886656,-17.88295980401255
neuron_1k_v2_bam_ACGGCCATCTCTGAGA,5,10.733223637652234,0.3620269327157471
neuron_1k_v2_bam_ACGGCCATCTTAGCCC,5,5.969812403517147,33.17275242333784
neuron_1k_v2_bam_ACGGGCTAGACAAAGG,6,-0.6063597959782423,3.126072606055429
neuron_1k_v2_bam_ACGGGTCAGCAATATG,2,-5.4665401894842525,6.56728635774161
neuron_1k_v2_bam_ACTATCTCACTTCGAA,2,-16.26029286829471,10.778860068253788
neuron_1k_v2_bam_ACTATCTTCTGAGTGT,5,1.4022897076516656,25.650422052732424
neuron_1k_v2_bam_ACTGAACAGGCGTACA,2,-31.551562363759736,8.42919828794965
neuron_1k_v2_bam_ACTGAACCAGCGTTCG,3,-10.16156711324215,-13.651611326307345
neuron_1k_v2_bam_ACTGAGTAGGCCATAG,1,8.235414446383862,-10.103220192081569
neuron_1k_v2_bam_ACTGATGAGTATCTCG,1,9.78932361600215,-7.99007370837112
neuron_1k_v2_bam_ACTGATGCAGCGTTCG,3,-16.582962213897936,-23.641333166424644
neuron_1k_v2_bam_ACTGATGGTTGATTCG,2,-12.360733195360506,11.106251907016201
neuron_1k_v2_bam_ACTGCTCAGCGACGTA,5,8.571017227666577,30.341831360942596
neuron_1k_v2_bam_ACTGCTCCAAAGGCGT,2,-4.723617606311912,5.188007692746699
neuron_1k_v2_bam_ACTGCTCGTAAATACG,6,-3.5353590445442777,2.5302592841696305
neuron_1k_v2_bam_ACTGTCCAGTGGACGT,4,13.27799182425894,-2.4498108488701864
neuron_1k_v2_bam_ACTGTCCCATTAGCCA,3,-23.693020747026285,-11.23629266554236
neuron_1k_v2_bam_ACTGTCCGTTAAAGAC,5,9.277390952557564,28.261054932198313
neuron_1k_v2_bam_ACTGTCCGTTCGCGAC,5,-6.289807795422228,24.385633214137464
neuron_1k_v2_bam_ACTGTCCTCGTTGCCT,6,8.759541593514564,-7.320914302424191
neuron_1k_v2_bam_ACTTACTCACAGTCGC,1,8.25061704974072,-13.708393294937993
neuron_1k_v2_bam_ACTTACTGTGGTCTCG,5,-1.6048145610393834,28.139472209426426
neuron_1k_v2_bam_ACTTTCAAGGCTACGA,1,9.766326330611394,-17.266368978992958
neuron_1k_v2_bam_ACTTTCACAAATTGCC,1,18.366224077177485,-14.99501614797177
neuron_1k_v2_bam_AGAATAGAGAGTTGGC,4,9.596770858852823,-4.008267230639534
neuron_1k_v2_bam_AGACGTTAGGTAAACT,3,-15.69097827044794,-18.92529377226119
neuron_1k_v2_bam_AGACGTTCATGGTCTA,5,8.252804701571964,31.596529040324207
neuron_1k_v2_bam_AGACGTTGTAAGTAGT,2,-9.20208659498546,20.901708222476096
neuron_1k_v2_bam_AGACGTTTCAACACGT,2,-31.532456477722082,9.600236460588075
neuron_1k_v2_bam_AGACGTTTCGCGTTTC,2,-5.923424962231641,4.835075912786334
neuron_1k_v2_bam_AGAGCGACAAGAAAGG,3,-16.52075659034823,-19.474757449298167
neuron_1k_v2_bam_AGAGCGATCCTTGACC,5,-0.35778944700162657,26.63208373776157
neuron_1k_v2_bam_AGAGCGATCTCACATT,3,-4.909486616332343,-19.101390891970464
neuron_1k_v2_bam_AGAGCTTGTAAACCTC,3,-16.314735615909303,-19.48355245603767
neuron_1k_v2_bam_AGAGCTTTCGCCGTGA,4,14.433115913523707,1.6789999742780328
neuron_1k_v2_bam_AGAGCTTTCTGATACG,1,23.33508315930177,-12.977390084897884
neuron_1k_v2_bam_AGAGTGGAGACAAGCC,4,20.170191825009404,-0.9351203506802368
neuron_1k_v2_bam_AGAGTGGAGCTGGAAC,1,5.7550525239884704,-10.961123254262562
neuron_1k_v2_bam_AGAGTGGAGGATTCGG,2,-17.582171907056555,8.892187706675099
neuron_1k_v2_bam_AGAGTGGCAGGATTGG,5,10.602053708799115,27.407280146789862
neuron_1k_v2_bam_AGAGTGGTCTCAAACG,1,24.42660527116369,11.461943495306297
neuron_1k_v2_bam_AGATCTGTCGATCCCT,2,-13.737722807719686,11.399665001511078
neuron_1k_v2_bam_AGATTGCTCAAACAAG,6,-6.556841626467211,1.4195489980533789
neuron_1k_v2_bam_AGCAGCCCAATCCAAC,2,-7.551112211155254,4.4404241695098
neuron_1k_v2_bam_AGCAGCCTCTATCCCG,6,6.897407202210687,-3.291189887573736
neuron_1k_v2_bam_AGCATACCACCACCAG,1,14.076917442207089,-19.36440177192556
neuron_1k_v2_bam_AGCATACGTCAGGACA,2,-17.390888668133957,-1.888120619649063
neuron_1k_v2_bam_AGCATACGTTCACCTC,1,17.07105759487272,-14.829395073483841
neuron_1k_v2_bam_AGCATACTCACAACGT,1,1.4849286654330125,-15.327364000023202
neuron_1k_v2_bam_AGCCTAAAGCCGGTAA,3,-17.574522800664113,-9.31646086913843
neuron_1k_v2_bam_AGCCTAACAAGTAATG,6,2.8729426248421954,1.718950231745414
neuron_1k_v2_bam_AGCCTAACACTACAGT,3,-3.0481838659822715,-21.231925771270376
neuron_1k_v2_bam_AGCGTATAGGCTATCT,5,0.02537171375019193,22.90396055400492
neuron_1k_v2_bam_AGCGTATCAAGCTGAG,1,20.91636531787142,-12.731027027743405
neuron_1k_v2_bam_AGCGTATCACGGACAA,3,-5.232876856411296,-19.367136627383367
neuron_1k_v2_bam_AGCGTATGTCAGTGGA,2,-18.75649904916024,5.753310306200141
neuron_1k_v2_bam_AGCGTCGTCAATCTCT,2,-15.855076525126787,11.030945968959557
neuron_1k_v2_bam_AGCTCCTAGGGAACGG,4,22.051673175733445,11.493343296139926
neuron_1k_v2_bam_AGCTTGAAGAGTAAGG,2,-31.064252917872604,10.2538591321332
neuron_1k_v2_bam_AGCTTGAAGGTGCTAG,1,3.071809269492421,-19.816397730824832
neuron_1k_v2_bam_AGGCCACCATTCCTGC,3,-14.744914454810555,-4.715458666635251
neuron_1k_v2_bam_AGGCCACGTAGAGCTG,4,15.561684194814116,-2.084847604510384
neuron_1k_v2_bam_AGGCCGTAGGTGATAT,6,-4.567603115164319,-0.8073534072647155
neuron_1k_v2_bam_AGGCCGTCATTGGCGC,2,-17.92709432095073,4.359499196427317
neuron_1k_v2_bam_AGGCCGTGTATCAGTC,6,-1.5464404035621397,-1.1309618507949701
neuron_1k_v2_bam_AGGGAGTAGACCACGA,1,11.880055830726915,-19.216517079486803
neuron_1k_v2_bam_AGGGAGTCACAGATTC,3,-3.308860809701145,-19.056655349297692
neuron_1k_v2_bam_AGGGAGTTCCGTTGTC,1,17.364448765933666,-19.989910959309835
neuron_1k_v2_bam_AGGGATGAGGCTAGGT,1,19.833309502930227,-12.889836393820906
neuron_1k_v2_bam_AGGGATGCAAACGCGA,5,3.65782222103613,25.762966150270223
neuron_1k_v2_bam_AGGGATGTCTTACCGC,2,-8.200985451683675,4.102356304882636
neuron_1k_v2_bam_AGGGATGTCTTTCCTC,4,20.759246224882247,-0.7928904014898456
neuron_1k_v2_bam_AGGGTGAGTCCGCTGA,3,-15.0158338503543,-19.19575572269051
neuron_1k_v2_bam_AGGTCCGAGATACACA,5,7.178386703104473,22.03292983621358
neuron_1k_v2_bam_AGGTCCGCAAACTGCT,5,10.920040165315747,30.419807358667132
neuron_1k_v2_bam_AGGTCCGCAATCACAC,3,-4.063111071526907,-19.138363686414177
neuron_1k_v2_bam_AGGTCCGCACGAGAGT,2,-15.177117399211467,2.1151094541838797
neuron_1k_v2_bam_AGTAGTCGTAGAAGGA,3,-16.451075448218965,-21.300093721574356
neuron_1k_v2_bam_AGTAGTCGTTTCCACC,1,20.680265299841125,-14.976039842288337
neuron_1k_v2_bam_AGTCTTTGTGACTACT,2,-4.896003715821326,9.456483892400632
neuron_1k_v2_bam_AGTCTTTTCTTGTCAT,2,-6.977929895077246,5.37253315953366
neuron_1k_v2_bam_AGTGAGGCAGCTCGCA,4,20.386373366860756,4.451036855722867
neuron_1k_v2_bam_AGTGAGGGTTAGGGTG,2,-18.735716682375376,-1.3463559724555665
neuron_1k_v2_bam_AGTGAGGTCCAAGTAC,1,9.39118117701329,-17.59381675335087
neuron_1k_v2_bam_AGTGGGACAGGCTGAA,3,-14.736724199491892,-19.58970513426625
neuron_1k_v2_bam_AGTGGGATCATATCGG,3,-20.554392111794023,-16.78632870276808
neuron_1k_v2_bam_AGTGTCAAGGGCTTCC,2,-10.314968677836738,12.794414620259591
neuron_1k_v2_bam_AGTGTCACATCGGTTA,2,-14.93778385237595,9.923438334262473
neuron_1k_v2_bam_AGTGTCACATGACGGA,3,-26.202167500714705,-13.051613626342268
neuron_1k_v2_bam_AGTGTCAGTCGGCTCA,1,22.26815915498604,-13.55194196373718
neuron_1k_v2_bam_AGTGTCATCATGGTCA,4,23.987206404439128,11.402384068185988
neuron_1k_v2_bam_AGTTGGTCAGTAAGCG,5,6.774234026478545,34.52560406706862
neuron_1k_v2_bam_AGTTGGTGTACTTAGC,5,3.1537151138757418,25.736693221083453
neuron_1k_v2_bam_ATAACGCCATCTATGG,3,-15.88259109613289,-20.55027544499345
neuron_1k_v2_bam_ATAAGAGGTGCTGTAT,4,2.4020062909311215,8.641375489134312
neuron_1k_v2_bam_ATAGACCAGACAGACC,2,-8.356002974612617,4.093107309478729
neuron_1k_v2_bam_ATAGACCGTCTCTTTA,4,16.82508546415209,7.692966776498436
neuron_1k_v2_bam_ATAGACCGTTCCCGAG,6,-6.79783619718378,1.2468774469951465
neuron_1k_v2_bam_ATAGACCTCACGGTTA,5,-0.4895702125402835,30.45524070740657
neuron_1k_v2_bam_ATAGACCTCTGGTATG,1,6.810861476575792,-18.635042300152094
neuron_1k_v2_bam_ATCACGAGTTCCATGA,2,-32.15656138404911,9.33062048406398
neuron_1k_v2_bam_ATCATCTCAGCTTCGG,1,19.675188744972722,-15.213074679568319
neuron_1k_v2_bam_ATCATCTTCCACGTGG,6,-2.0132209997641004,5.646714676885837
neuron_1k_v2_bam_ATCATCTTCCGAGCCA,6,0.6404975371099868,-14.289561856600114
neuron_1k_v2_bam_ATCATCTTCTATGTGG,2,-14.810315927901978,-4.564234099087301
neuron_1k_v2_bam_ATCATGGAGAGTCGGT,3,-24.437006294770363,-14.3977080648671
neuron_1k_v2_bam_ATCATGGGTGCTTCTC,3,-21.04844686917435,-17.6473614128385
neuron_1k_v2_bam_ATCCACCAGATATGGT,5,3.509627043632229,21.099459200797746
neuron_1k_v2_bam_ATCCACCAGTCATGCT,5,-1.2889631937718018,28.553047277784884
neuron_1k_v2_bam_ATCCACCCAAATACAG,1,16.32031160458894,-11.504275864573339
neuron_1k_v2_bam_ATCCACCCAGTCCTTC,2,-10.681748172871815,2.796863525732196
neuron_1k_v2_bam_ATCCACCGTCATACTG,5,-2.3948090835312716,29.064008010441892
neuron_1k_v2_bam_ATCCACCGTGGTCTCG,5,8.46892852622625,33.255799991673385
neuron_1k_v2_bam_ATCCACCGTTAAGACA,5,-6.1462534720032265,23.496770934859594
neuron_1k_v2_bam_ATCCGAAAGGCGCTCT,4,13.55684705194173,7.813020029557651
neuron_1k_v2_bam_ATCCGAATCGCATGAT,1,10.503212302984874,-17.70692715113758
neuron_1k_v2_bam_ATCGAGTAGCGTCAAG,2,-4.246077715050511,4.941698480373574
neuron_1k_v2_bam_ATCGAGTTCAAAGACA,6,-0.9132993424348156,3.0789718025770676
neuron_1k_v2_bam_ATCGAGTTCACGCATA,5,4.065256825865956,25.155017952392456
neuron_1k_v2_bam_ATCTACTAGGGAGTAA,2,-14.866402061356267,-4.535218754779029
neuron_1k_v2_bam_ATCTACTCATGCTAGT,2,-32.233172141569966,8.479378301015474
neuron_1k_v2_bam_ATCTACTGTCATGCCG,2,-4.927045820328443,8.796130433166937
neuron_1k_v2_bam_ATCTGCCGTGACTACT,6,0.5827956992939965,-1.7340376750688662
neuron_1k_v2_bam_ATGAGGGCAGGGTTAG,5,5.279924345320219,26.74922254694936
neuron_1k_v2_bam_ATGAGGGGTAGAAGGA,3,-24.18949205467804,-13.710473467076081
neuron_1k_v2_bam_ATGCGATTCACAACGT,1,9.775208325762671,-12.773631588483646
neuron_1k_v2_bam_ATGGGAGAGTGAATTG,3,-17.156429563907235,-19.05681133740205
neuron_1k_v2_bam_ATGGGAGCATGTTGAC,2,-31.80697735752377,8.86403808987389
neuron_1k_v2_bam_ATGGGAGGTAATAGCA,1,19.83999327948247,-13.254480928976504
neuron_1k_v2_bam_ATGGGAGGTATATGGA,4,21.231518445005058,3.9773796775109918
neuron_1k_v2_bam_ATGGGAGGTTATCACG,1,8.53730761613229,-11.887183376757456
neuron_1k_v2_bam_ATGTGTGGTGGTACAG,6,-0.48412497694202733,1.6960455316804741
neuron_1k_v2_bam_ATGTGTGGTTCATGGT,2,-8.197912317425354,11.075477090003538
neuron_1k_v2_bam_ATGTGTGTCGGATGGA,1,22.371424214963316,-9.745885852359223
neuron_1k_v2_bam_ATTACTCGTTACGTCA,4,18.708582670526113,-2.000803729284237
neuron_1k_v2_bam_ATTATCCTCTCTAAGG,3,-25.345800144311955,-14.431682176797128
neuron_1k_v2_bam_ATTCTACAGAGCAATT,3,-26.076454858828853,-14.470853712099071
neuron_1k_v2_bam_ATTCTACAGCCATCGC,6,3.706529776775487,3.348502555905016
neuron_1k_v2_bam_ATTCTACAGCTGATAA,4,15.675422334583079,-3.288361744653557
neuron_1k_v2_bam_ATTCTACGTCTTCTCG,1,5.458537705186458,-22.180443396988963
neuron_1k_v2_bam_ATTCTACTCATCGATG,2,-9.655041113951572,3.88745330335688
neuron_1k_v2_bam_ATTGGACAGGGCTCTC,2,-31.29580049569078,10.127225191086943
neuron_1k_v2_bam_ATTGGACTCACATAGC,1,16.778119322158613,-14.5692735588481
neuron_1k_v2_bam_ATTGGTGCAATGGTCT,6,-0.29170717774164207,3.3102429679032257
neuron_1k_v2_bam_ATTGGTGCACGGTAGA,5,-2.8989127437369206,21.78020227545672
neuron_1k_v2_bam_ATTGGTGCATGGTCTA,5,0.04395129785659553,22.950252431432396
neuron_1k_v2_bam_ATTGGTGGTAATAGCA,1,17.9701891920093,-13.32319597678114
neuron_1k_v2_bam_ATTTCTGCACAGGAGT,4,15.57391620027958,1.0486090713230514
neuron_1k_v2_bam_ATTTCTGCATGGTTGT,3,-3.3942929413349567,-21.82918704220879
neuron_1k_v2_bam_ATTTCTGGTCTGCGGT,1,11.56021213669395,-20.827821665277792
neuron_1k_v2_bam_ATTTCTGGTGCCTTGG,3,-24.876364153269865,-14.041151168081722
neuron_1k_v2_bam_ATTTCTGGTTCTCATT,1,2.8304238862604056,-22.21264529782184
neuron_1k_v2_bam_ATTTCTGTCCTGCCAT,3,-14.391011691489286,-5.206618238072964
neuron_1k_v2_bam_ATTTCTGTCTGTCAAG,1,15.080518724634972,-16.80217690862296
neuron_1k_v2_bam_CAACCAACAAGCGTAG,5,-2.7221642025252226,23.60662346940603
neuron_1k_v2_bam_CAACCAACATGACATC,1,15.232911166768249,-16.200645215946732
neuron_1k_v2_bam_CAACCTCGTGCCTGGT,4,15.87451111351219,9.993532197496712
neuron_1k_v2_bam_CAACTAGAGGCACATG,2,-32.9541734326688,8.738892016321454
neuron_1k_v2_bam_CAACTAGGTGCAGTAG,3,-23.11667909504998,-15.052734522832633
neuron_1k_v2_bam_CAACTAGGTTAGAACA,3,-17.170888594381662,-22.15036209790897
neuron_1k_v2_bam_CAACTAGTCTGTCAAG,2,-7.709163753609569,11.93042868582422
neuron_1k_v2_bam_CAAGAAAAGGCCCTCA,6,-0.457864767326452,-0.09986374331782992
neuron_1k_v2_bam_CAAGAAACACAGATTC,1,17.55831742690706,-21.112171733532733
neuron_1k_v2_bam_CAAGAAACATCGATTG,3,-25.558185986341492,-13.58065628078506
neuron_1k_v2_bam_CAAGATCCACGGTGTC,6,7.893751271231633,-3.70479024456066
neuron_1k_v2_bam_CAAGATCGTCCGCTGA,6,7.215416285278925,-7.702971394778687
neuron_1k_v2_bam_CAAGGCCCAATTGCTG,3,-23.004644194085788,-10.053816854561548
neuron_1k_v2_bam_CAAGGCCGTACTCAAC,3,-1.0777611828788243,-21.64301992722806
neuron_1k_v2_bam_CAAGGCCGTAGAAAGG,5,10.148638716798652,30.968185951115572
neuron_1k_v2_bam_CAAGTTGAGCCCGAAA,1,18.280482739570896,-16.929451425860943
neuron_1k_v2_bam_CAAGTTGAGGACCACA,2,-6.134185784269622,18.87987096657735
neuron_1k_v2_bam_CAAGTTGCAGTTAACC,4,13.559049460102035,3.529862477439486
neuron_1k_v2_bam_CAAGTTGGTTTAGGAA,2,-32.06709775504032,10.242581428783343
neuron_1k_v2_bam_CACAAACAGCCACGCT,4,15.292490778399145,5.386610210122184
neuron_1k_v2_bam_CACAAACAGCGATCCC,5,-1.65142982354732,28.058854501863568
neuron_1k_v2_bam_CACAAACTCCTGTAGA,3,-11.255228282709497,-27.381840186046016
neuron_1k_v2_bam_CACACAAGTGACAAAT,6,0.5710244479596599,-14.394124353053527
neuron_1k_v2_bam_CACACAATCACTCCTG,6,1.1732717310313867,-14.464944246242666
neuron_1k_v2_bam_CACACAATCTAACCGA,6,-1.0852237185478046,-2.57333176465821
neuron_1k_v2_bam_CACACCTAGTGTACCT,1,8.781900419373248,-19.7952811904248
neuron_1k_v2_bam_CACACCTCAAGAAAGG,3,-0.6715661914066463,-20.092646393249865
neuron_1k_v2_bam_CACACCTCAAGAGTCG,5,-1.3470561426549108,25.289007587396647
neuron_1k_v2_bam_CACACCTTCACGACTA,1,-0.057635714278546496,-22.759325644531437
neuron_1k_v2_bam_CACACTCGTAACGACG,1,4.5759764823708835,-9.899663009441642
neuron_1k_v2_bam_CACACTCGTAGCGCTC,2,-15.25537618649915,9.305731035296338
neuron_1k_v2_bam_CACAGGCAGTAGATGT,3,-25.917663317907973,-14.210101930084672
neuron_1k_v2_bam_CACAGGCCAAAGCAAT,6,8.881153176035179,-8.206186709628847
neuron_1k_v2_bam_CACAGGCGTGGCGAAT,2,-13.13395914671834,10.136757863519353
neuron_1k_v2_bam_CACAGTAGTCCGTGAC,1,12.503250807940397,-17.25484013079252
neuron_1k_v2_bam_CACAGTATCTACTTAC,3,-27.20272322064861,-11.890727716717414
neuron_1k_v2_bam_CACATAGCAGCATGAG,5,8.935350353226903,31.30772928015587
neuron_1k_v2_bam_CACATTTGTATAGGTA,6,-1.556287470523491,-2.673372983210066
neuron_1k_v2_bam_CACATTTGTTTAGCTG,5,11.282921314702236,30.595981879792532
neuron_1k_v2_bam_CACCAGGAGTGTTGAA,5,5.5756669266702845,27.235199192730704
neuron_1k_v2_bam_CACCAGGCACAGCGTC,3,-0.14632981211540927,-20.161706891070352
neuron_1k_v2_bam_CACCTTGCATGTAGTC,2,-11.574344540019226,7.478238374486513
neuron_1k_v2_bam_CACTCCACACATGACT,1,15.462895015054139,-19.767573017102563
neuron_1k_v2_bam_CACTCCAGTCTCATCC,5,7.756883460959311,31.991011227200044
neuron_1k_v2_bam_CAGAGAGAGCTAAACA,2,-14.742736700672998,2.2161724838073265
neuron_1k_v2_bam_CAGAGAGTCACCGGGT,1,23.315074193757187,-13.120986431491465
neuron_1k_v2_bam_CAGAGAGTCGGCCGAT,1,20.671502285349003,-6.731025515720913
neuron_1k_v2_bam_CAGATCACAGCGTAAG,2,-15.577655872437953,6.90701400016108
neuron_1k_v2_bam_CAGATCAGTGTGACGA,4,13.38911844633478,1.9180013282662947
neuron_1k_v2_bam_CAGCAGCTCGTTGACA,6,-3.39369172284744,2.63399632951664
neuron_1k_v2_bam_CAGCATAGTATATGGA,5,-2.8339053243288586,23.439055752868125
neuron_1k_v2_bam_CAGCATAGTCATTAGC,6,-3.02954809291986,-0.624762153097587
neuron_1k_v2_bam_CAGCATATCCTCAATT,4,19.736530346598716,4.907787902849027
neuron_1k_v2_bam_CAGCCGAAGAAACGCC,5,9.09252141284115,-7.16573182608493
neuron_1k_v2_bam_CAGCCGAAGCACACAG,1,15.077670227125184,-16.598012223471304
neuron_1k_v2_bam_CAGCCGAAGCCGGTAA,2,-21.64684211972184,-0.2611949594866972
neuron_1k_v2_bam_CAGCCGAGTTGGGACA,3,-6.269483969039586,-17.356939218579125
neuron_1k_v2_bam_CAGCGACAGATACACA,5,-2.623757105945162,22.94845214909589
neuron_1k_v2_bam_CAGCGACCAGCCTATA,4,14.05060045770742,6.851196970127544
neuron_1k_v2_bam_CAGCTGGAGATGTGTA,1,15.638113623430398,-15.78076277225373
neuron_1k_v2_bam_CAGCTGGGTAAGAGGA,5,-0.35454313962283507,30.967144270108978
neuron_1k_v2_bam_CAGCTGGGTGGTCTCG,3,-17.46412876220445,-20.591323296439697
neuron_1k_v2_bam_CAGCTGGTCTTAACCT,2,-18.48428913050706,6.441888705452763
neuron_1k_v2_bam_CAGTAACAGTGAACGC,1,17.539645595313488,-20.582730237095227
neuron_1k_v2_bam_CAGTAACCAGCTTAAC,1,8.776723783842973,-11.813002255163823
neuron_1k_v2_bam_CAGTAACGTCACTGGC,2,-20.275223334327556,6.511942428451808
neuron_1k_v2_bam_CAGTAACGTGGGTCAA,5,-1.6814525789347408,27.65666876253985
neuron_1k_v2_bam_CAGTAACTCGCGGATC,2,-32.709241910793956,9.824125074783849
neuron_1k_v2_bam_CAGTAACTCGTGGGAA,5,4.593996008315485,30.66447542823886
neuron_1k_v2_bam_CAGTCCTCAGACAGGT,4,15.099244091714842,6.30061311723984
neuron_1k_v2_bam_CAGTCCTCAGCCTATA,6,-3.5787473062898143,8.020547590157578
neuron_1k_v2_bam_CATATGGAGAGTCTGG,3,-0.09966268259145539,-14.139560925223687
neuron_1k_v2_bam_CATATTCCAATAAGCA,4,14.88632743399729,1.1342075101092657
neuron_1k_v2_bam_CATCAAGAGTCCAGGA,2,-21.73692101145103,-5.138510229731906
neuron_1k_v2_bam_CATCAAGCAACAACCT,3,-17.262033441442735,-21.384626215412208
neuron_1k_v2_bam_CATCAAGGTTTGACAC,5,5.8211202829431885,31.357186223876777
neuron_1k_v2_bam_CATCAGAAGTAAGTAC,1,12.215198686892954,-21.943793366263943
neuron_1k_v2_bam_CATCAGACAGCATGAG,1,22.940085146214845,-11.253434231276852
neuron_1k_v2_bam_CATCCACTCGGAAACG,2,-13.570972905801032,12.792341442947903
neuron_1k_v2_bam_CATCGAAAGGCGCTCT,1,4.886588611456106,-20.699856145006233
neuron_1k_v2_bam_CATCGAACAGGTGGAT,5,7.690927587690108,2.5731676914570336
neuron_1k_v2_bam_CATCGAAGTTCGCGAC,3,-26.625048133674085,-13.334417333271706
neuron_1k_v2_bam_CATCGAATCCATGCTC,4,13.292967544757067,3.3962349315562808
neuron_1k_v2_bam_CATCGGGGTATTAGCC,1,21.4684560322803,-10.004818891786412
neuron_1k_v2_bam_CATCGGGTCGATCCCT,3,-21.27770972865886,-17.127135350388738
neuron_1k_v2_bam_CATGACACACTGCCAG,3,-15.663141488877008,-19.639825017761492
neuron_1k_v2_bam_CATGCCTAGCCACCTG,4,1.9448522127919503,8.704885747217933
neuron_1k_v2_bam_CATGCCTCAGGAATGC,3,-18.16001890743082,-18.410746018769277
neuron_1k_v2_bam_CATGCCTTCCTCGCAT,2,-15.70116491048797,10.93503891525551
neuron_1k_v2_bam_CATGGCGCATGACGGA,1,14.65793323661391,-18.94219826947017
neuron_1k_v2_bam_CATGGCGGTAAATGTG,3,-17.309672665999358,-21.522212036906094
neuron_1k_v2_bam_CATTATCTCCCAACGG,4,18.63045294522156,-1.2620423219613373
neuron_1k_v2_bam_CATTCGCGTGGTAACG,5,6.410226134112442,33.63106425630822
neuron_1k_v2_bam_CATTCGCGTTGCCTCT,1,9.678941819540427,-19.31108371358693
neuron_1k_v2_bam_CCAATCCAGTATCGAA,4,12.678493200669008,-1.6190790772424233
neuron_1k_v2_bam_CCAATCCCAAACCCAT,1,16.415401972615047,-15.550092853319514
neuron_1k_v2_bam_CCACCTACACGAGGTA,5,-1.0664342776464593,25.37574037347202
neuron_1k_v2_bam_CCACGGAAGCCCAGCT,5,1.6206677478162603,23.578127198917308
neuron_1k_v2_bam_CCACGGATCCACTGGG,2,-10.93086874180559,20.155639394621133
neuron_1k_v2_bam_CCACTACAGACTAGAT,1,-0.15165147445444926,-22.054375400396616
neuron_1k_v2_bam_CCACTACAGATGCGAC,2,-8.476507556530661,21.360816544925257
neuron_1k_v2_bam_CCACTACAGTGGAGAA,3,0.2894916227852113,-20.686892975838134
neuron_1k_v2_bam_CCACTACGTCTGATCA,6,-5.660805419745213,-0.04943627541589345
neuron_1k_v2_bam_CCACTACGTGGTGTAG,6,5.953613171543026,-0.17897487069267726
neuron_1k_v2_bam_CCACTACTCCAAGTAC,6,-8.508070388077273,2.249170889724637
neuron_1k_v2_bam_CCAGCGACACCACCAG,6,7.743891672309204,-7.6554667838292945
neuron_1k_v2_bam_CCATGTCGTTACGCGC,2,-16.204571313595093,10.160076083379227
neuron_1k_v2_bam_CCATGTCTCTGTCAAG,1,9.71949353400243,-17.275392255073967
neuron_1k_v2_bam_CCCAATCAGAATGTTG,2,-31.120703296079842,9.04163303409922
neuron_1k_v2_bam_CCCAATCAGCCACTAT,6,1.0643387129229531,-2.2244525753510453
neuron_1k_v2_bam_CCCAATCCATCGATGT,1,19.79144480768256,-15.942748182811275
neuron_1k_v2_bam_CCCAATCTCCAGAAGG,4,19.211562503459717,2.5968632212372755
neuron_1k_v2_bam_CCCAGTTAGGCTACGA,2,-21.17733278152911,-6.530504353384836
neuron_1k_v2_bam_CCCAGTTGTCTCCATC,4,23.80969115916854,11.397996898271023
neuron_1k_v2_bam_CCCATACCATGCCCGA,6,-1.11173601744053,-2.028441048038204
neuron_1k_v2_bam_CCCTCCTAGATCACGG,1,7.581647352149206,-20.287052396520302
neuron_1k_v2_bam_CCCTCCTCACGCTTTC,2,-14.569934302428544,2.355186036610585
neuron_1k_v2_bam_CCCTCCTGTCCGAAGA,1,4.781561149786568,-10.182509004121561
neuron_1k_v2_bam_CCCTCCTGTGGTAACG,1,21.525791511401355,-13.777315042940643
neuron_1k_v2_bam_CCGGGATAGCCGATTT,1,13.226947623593622,-19.886895603235967
neuron_1k_v2_bam_CCGGGATGTAAGAGAG,6,-3.972846515857174,-2.6478362700512728
neuron_1k_v2_bam_CCGGTAGAGAGACTAT,1,20.82819165508464,-8.943992317489156
neuron_1k_v2_bam_CCGGTAGAGGGTGTTG,6,3.1610351169630557,3.4166925223456337
neuron_1k_v2_bam_CCGTACTCAAGCCTAT,2,-2.664851661233965,21.309109684687996
neuron_1k_v2_bam_CCGTACTCAGCTCGAC,3,-16.615862056245042,-23.79862979370328
neuron_1k_v2_bam_CCGTGGAAGCAATATG,5,8.78786251950605,30.809680619300025
neuron_1k_v2_bam_CCGTGGAAGGAGTACC,4,2.5925685832408,8.331181528805308
neuron_1k_v2_bam_CCGTGGATCCTCATTA,6,0.7728783545475274,-0.9807152382201164
neuron_1k_v2_bam_CCGTTCACACGGACAA,4,14.879660939235425,-3.415282229561722
neuron_1k_v2_bam_CCGTTCAGTCGCGTGT,1,4.660703152217164,-22.066800941512714
neuron_1k_v2_bam_CCGTTCATCCGCGGTA,1,6.294564139695979,-9.54550792109995
neuron_1k_v2_bam_CCTAAAGGTCCTCCAT,4,21.05203211966689,2.9266800836010836
neuron_1k_v2_bam_CCTAAAGGTCTAGTGT,2,-11.830731767388043,11.044949751858569
neuron_1k_v2_bam_CCTACACCATACGCTA,3,-7.28006947016613,-18.072421530772466
neuron_1k_v2_bam_CCTACACGTGCATCTA,2,-7.517478384104319,8.709000821330367
neuron_1k_v2_bam_CCTACACTCAGCTCTC,1,7.8814312179399115,-10.656166184368743
neuron_1k_v2_bam_CCTACACTCCAAACTG,2,-16.393046477853648,3.103661548709437
neuron_1k_v2_bam_CCTACCATCGTACGGC,3,-3.1066144096943025,-21.750667627844614
neuron_1k_v2_bam_CCTAGCTCAATCCGAT,1,10.209539557841971,-20.354844551170384
neuron_1k_v2_bam_CCTAGCTGTCTAGTGT,2,-7.183770845800776,4.879658029421795
neuron_1k_v2_bam_CCTCAGTAGGGTTCCC,2,-22.907195600872917,-7.02827818814113
neuron_1k_v2_bam_CCTCAGTCAGCATGAG,2,-6.535263673346918,18.877736410235283
neuron_1k_v2_bam_CCTCAGTGTCCCTACT,5,4.649527380107101,26.469908150014536
neuron_1k_v2_bam_CCTCTGAGTTACAGAA,1,11.545257318443614,-17.737662112287243
neuron_1k_v2_bam_CCTTACGAGGCCCTCA,3,-22.73753372592041,-10.123606264796116
neuron_1k_v2_bam_CCTTACGGTGTGAAAT,5,10.237716347650787,29.181701936125528
neuron_1k_v2_bam_CCTTACGTCTTGACGA,3,-14.757105079967682,-19.760340686214697
neuron_1k_v2_bam_CCTTCCCGTTCCTCCA,2,-10.130287923433011,10.694646523982895
neuron_1k_v2_bam_CCTTCCCTCCACGCAG,3,-0.7950672385906405,-19.984091906130235
neuron_1k_v2_bam_CCTTCGAAGAGACTAT,1,19.47065240557555,-15.8847212167218
neuron_1k_v2_bam_CCTTCGAAGTCAAGCG,3,-19.96408273640215,-17.78293366198042
neuron_1k_v2_bam_CCTTTCTCAGCTGCTG,3,-18.39413301276532,-12.699761848109091
neuron_1k_v2_bam_CGAACATCACCTCGGA,3,-14.297364024846,-5.376278997017252
neuron_1k_v2_bam_CGAATGTAGCAGATCG,1,20.750454156590443,-15.42921111917506
neuron_1k_v2_bam_CGAATGTAGGGATGGG,1,13.093602499309968,-14.376471043670037
neuron_1k_v2_bam_CGAATGTGTCACTGGC,5,3.364599643696982,25.174932591693576
neuron_1k_v2_bam_CGAATGTGTTTGACTG,6,2.6678762288116866,1.142830683167035
neuron_1k_v2_bam_CGAATGTTCGGTTCGG,4,14.279994560299036,3.5291096221247775
neuron_1k_v2_bam_CGAATGTTCTGAGGGA,1,0.9642150153901896,-20.97622978277034
neuron_1k_v2_bam_CGACCTTGTCTGGTCG,2,-30.860069871760864,10.386829487060615
neuron_1k_v2_bam_CGACCTTGTGAACCTT,3,-1.7827407267669164,-13.36829717122805
neuron_1k_v2_bam_CGACTTCCAGATCGGA,1,0.6461810422052092,-21.607371044388522
neuron_1k_v2_bam_CGACTTCCAGGCTCAC,2,-32.68910079285062,9.630972952978652
neuron_1k_v2_bam_CGAGCACCATGAAGTA,1,20.136360361807743,-10.492797719865788
neuron_1k_v2_bam_CGAGCCAAGCCAGTTT,3,-10.152763829361588,-13.653645136394388
neuron_1k_v2_bam_CGAGCCACAATGTAAG,5,6.784889629624733,34.50904768202248
neuron_1k_v2_bam_CGATCGGAGCCGCCTA,3,-23.02629350725161,-11.040183653724409
neuron_1k_v2_bam_CGATCGGGTAAGTGGC,2,-7.499005570297361,22.25592342252324
neuron_1k_v2_bam_CGATCGGGTATTACCG,3,-14.742580376872064,-21.648048784578187
neuron_1k_v2_bam_CGATGGCAGCTAACTC,5,5.5253079297525405,30.706916314427986
neuron_1k_v2_bam_CGATGGCCAATAGAGT,3,-25.71591994363411,-13.717588901175201
neuron_1k_v2_bam_CGATGTAAGACCCACC,1,18.856650718510455,-14.79322182558394
neuron_1k_v2_bam_CGATTGACAGTTAACC,6,-1.1673581049421293,0.909620501553273
neuron_1k_v2_bam_CGATTGATCCGCATCT,1,13.781085681617625,-18.046954560435978
neuron_1k_v2_bam_CGCCAAGAGCGATGAC,4,14.211116214613824,4.302518182831149
neuron_1k_v2_bam_CGCCAAGAGTGTGAAT,6,-4.867243986722338,-2.0386806853260833
neuron_1k_v2_bam_CGCCAAGGTGTGGCTC,3,6.074595092325892,21.977535526867058
neuron_1k_v2_bam_CGCCAAGGTTATGTGC,5,-0.6210221644856474,25.836982454308096
neuron_1k_v2_bam_CGCGTTTCAGTCACTA,4,15.69020823946038,10.023353533364826
neuron_1k_v2_bam_CGCGTTTGTCTGCGGT,2,-21.840605080562078,-5.282814121654684
neuron_1k_v2_bam_CGCGTTTTCAGCAACT,6,-0.8795925684863094,5.64539170147634
neuron_1k_v2_bam_CGCTATCAGACATAAC,4,21.708345863552047,-8.341072683430875
neuron_1k_v2_bam_CGCTATCAGACTAAGT,5,9.249586054337698,31.659534487539688
neuron_1k_v2_bam_CGCTATCAGCGGCTTC,5,-1.761926349105274,29.390618002782997
neuron_1k_v2_bam_CGCTATCAGGGAGTAA,2,-19.905411264408574,3.697448162275113
neuron_1k_v2_bam_CGCTTCACACTTAACG,5,7.246525557323099,32.078078903233454
neuron_1k_v2_bam_CGCTTCAGTAGCTAAA,5,-7.580732588705193,23.78756708232411
neuron_1k_v2_bam_CGCTTCATCCTTTACA,5,-3.046441799128291,22.67899227255455
neuron_1k_v2_bam_CGGACACGTCTAGCGC,3,-18.81269930987992,-17.400767823309465
neuron_1k_v2_bam_CGGACACGTGGCAAAC,5,6.257995777155183,28.35929072750064
neuron_1k_v2_bam_CGGACACGTTTGGCGC,6,-2.398016411457419,8.40533474878162
neuron_1k_v2_bam_CGGACGTCACGGTTTA,2,-8.257415034228154,22.05644213762388
neuron_1k_v2_bam_CGGACGTCATGCTGGC,3,-24.740917659309922,-13.3800414562239
neuron_1k_v2_bam_CGGACGTGTCATTAGC,4,14.30046727631014,6.692595655465448
neuron_1k_v2_bam_CGGACTGCAAGTAGTA,4,8.94650792190144,-3.2800946449188424
neuron_1k_v2_bam_CGGACTGCACATCCGG,6,0.30954848254603995,-14.026906286400772
neuron_1k_v2_bam_CGGACTGCACGTTGGC,2,-17.125447848421366,2.685026345504191
neuron_1k_v2_bam_CGGACTGGTATCAGTC,4,17.858225279405854,0.3931302470513345
neuron_1k_v2_bam_CGGACTGTCTCCCTGA,4,19.269165375136883,0.041179658602282426
neuron_1k_v2_bam_CGGACTGTCTTCCTTC,1,16.351293647085164,-14.567862470306025
neuron_1k_v2_bam_CGGAGCTAGCCTTGAT,1,22.38268203586945,-12.632210099849145
neuron_1k_v2_bam_CGGAGCTGTCTTGATG,2,-19.235720724104574,5.632321525225148
neuron_1k_v2_bam_CGGAGCTGTTTACTCT,5,4.95701682156724,22.36406162612801
neuron_1k_v2_bam_CGGAGTCTCCTTGACC,4,17.97193091562025,-0.2755857619243582
neuron_1k_v2_bam_CGGAGTCTCGTTACAG,6,-4.824108320537182,1.4229381435002562
neuron_1k_v2_bam_CGGCTAGCAAACAACA,3,-13.450974896925786,-20.80409323276897
neuron_1k_v2_bam_CGGGTCACAAAGCAAT,1,19.002940008326565,-18.268916959631003
neuron_1k_v2_bam_CGGGTCACATCGACGC,1,3.684448066134762,-20.953145386380374
neuron_1k_v2_bam_CGGGTCAGTGTGACGA,2,-15.779884997723206,-3.505355953289939
neuron_1k_v2_bam_CGGGTCAGTTTAGCTG,2,-21.53554038580243,2.146384062714927
neuron_1k_v2_bam_CGGGTCATCCAGAGGA,1,22.16401568664116,-7.381841682525438
neuron_1k_v2_bam_CGGGTCATCTCTGTCG,1,21.706397838307897,-6.607985668176155
neuron_1k_v2_bam_CGGGTCATCTGTTGAG,3,-1.48996430448581,-15.018280285547132
neuron_1k_v2_bam_CGGTTAAAGCGGATCA,6,2.4568016635141046,0.47462269549692276
neuron_1k_v2_bam_CGGTTAAAGCGTTGCC,2,-31.682754343769115,9.711771520008085
neuron_1k_v2_bam_CGGTTAAAGTTCGCGC,6,5.145797818803801,-8.384042208596753
neuron_1k_v2_bam_CGGTTAACAGGAATGC,1,1.5496158404841178,-21.16879636028497
neuron_1k_v2_bam_CGTAGCGAGCCACCTG,5,2.8311259047023443,27.282112121488986
neuron_1k_v2_bam_CGTAGCGTCCAAATGC,1,15.443726580016447,-21.844236540528215
neuron_1k_v2_bam_CGTAGGCCACGAAATA,2,-5.532225737913825,9.912270554011158
neuron_1k_v2_bam_CGTAGGCCATGAGCGA,4,17.40938595474894,3.2895514281491676
neuron_1k_v2_bam_CGTAGGCTCGAGAGCA,4,0.7908972701014941,8.474877045219001
neuron_1k_v2_bam_CGTCACTGTACTCGCG,5,7.052279909597589,30.64165240950184
neuron_1k_v2_bam_CGTCAGGAGAAACCGC,3,-4.294315362456846,-20.32016566763058
neuron_1k_v2_bam_CGTCAGGAGCCACCTG,2,-18.771897307869217,4.202290640659891
neuron_1k_v2_bam_CGTCAGGAGTGTGGCA,5,6.1522310046729665,25.778268384963717
neuron_1k_v2_bam_CGTCCATAGTCCATAC,4,21.478015910284572,3.997410746966235
neuron_1k_v2_bam_CGTCCATCAGCTGTGC,3,-12.580979771645628,-26.665791460577264
neuron_1k_v2_bam_CGTCTACGTGATGTGG,1,24.627940077037913,11.486393714115085
neuron_1k_v2_bam_CGTCTACTCTTTACAC,3,-20.504296691190852,-18.0696438286422
neuron_1k_v2_bam_CGTGAGCCAACGCACC,3,0.7132172906324294,-19.98587956412574
neuron_1k_v2_bam_CGTGAGCCACCTCGTT,1,22.81062417558171,-8.929784574443184
neuron_1k_v2_bam_CGTGAGCTCAGAGGTG,1,16.533307267265283,-13.797575346902736
neuron_1k_v2_bam_CGTGAGCTCGCTTGTC,4,15.811177328340818,6.237048322934963
neuron_1k_v2_bam_CGTGAGCTCGGTTCGG,2,-13.045786918390636,8.789017740897481
neuron_1k_v2_bam_CGTGTAAAGGCTATCT,5,5.689259481038278,27.001066332427367
neuron_1k_v2_bam_CGTGTAACAATCGAAA,1,16.62670835381284,-10.52089229984606
neuron_1k_v2_bam_CGTGTAATCCGTCAAA,2,-19.142270512642483,-0.7320326171467674
neuron_1k_v2_bam_CGTGTAATCGGCATCG,4,22.746697513171338,7.4050328090518365
neuron_1k_v2_bam_CGTGTCTAGATCCCGC,3,-15.4049644513914,-22.41887087488549
neuron_1k_v2_bam_CGTGTCTGTGAGCGAT,5,-0.9146651435856794,28.75976256826897
neuron_1k_v2_bam_CGTTAGAAGTACGCCC,2,-19.174609429891472,5.211784875900214
neuron_1k_v2_bam_CGTTAGACAAGGCTCC,3,-18.105475148977728,-12.566551825117818
neuron_1k_v2_bam_CGTTCTGAGGCATGGT,4,18.813013457969898,0.4240709407162096
neuron_1k_v2_bam_CGTTCTGGTAATCGTC,1,2.3563111749711303,-19.7483804587791
neuron_1k_v2_bam_CGTTCTGGTCTCATCC,4,14.142704917684412,5.584534104602707
neuron_1k_v2_bam_CGTTGGGCATGCCCGA,6,2.5583500359467983,3.066519922163923
neuron_1k_v2_bam_CGTTGGGTCAACGCTA,6,2.709996681176822,4.054532239881426
neuron_1k_v2_bam_CGTTGGGTCCAGTATG,1,13.329916328477484,-16.47577610926793
neuron_1k_v2_bam_CTAACTTAGACCACGA,2,-7.645801974137915,22.344936649713123
neuron_1k_v2_bam_CTAACTTGTGCGATAG,4,14.622646738911877,4.969397161356538
neuron_1k_v2_bam_CTAACTTTCCAACCAA,5,7.53292065579578,33.0873394072532
neuron_1k_v2_bam_CTAAGACTCCTGCAGG,1,1.6867587384978016,-22.007755165318798
neuron_1k_v2_bam_CTAATGGGTAAACGCG,1,20.622663438278018,-6.8415535568936985
neuron_1k_v2_bam_CTACACCAGGGAACGG,3,0.011187518323855578,-16.583052929220894
neuron_1k_v2_bam_CTACACCCAATGGACG,6,3.162086742161525,-9.899111332609706
neuron_1k_v2_bam_CTACACCGTTCCATGA,6,5.048067223014013,-7.020689989893245
neuron_1k_v2_bam_CTACACCTCCGCGGTA,1,5.114983289587741,-21.18590730588794
neuron_1k_v2_bam_CTACATTAGGATATAC,1,19.32056961225089,-10.760856455157649
neuron_1k_v2_bam_CTACATTGTCGAACAG,4,-1.6253025562910532,9.133328206306873
neuron_1k_v2_bam_CTACCCACAAATCCGT,4,14.605147036930022,2.4365802350261414
neuron_1k_v2_bam_CTACCCATCAATAAGG,3,-7.313247131534301,-18.098212531372766
neuron_1k_v2_bam_CTACGTCGTGCCTGCA,3,-15.702835986143459,-19.52213182553655
neuron_1k_v2_bam_CTAGAGTCAGGGAGAG,1,8.443038395512204,-18.826436353779677
neuron_1k_v2_bam_CTAGAGTTCAGGCAAG,1,7.168484609904396,-8.687735572133935
neuron_1k_v2_bam_CTAGCCTCAATGACCT,3,-20.19186507363146,-15.891789675287558
neuron_1k_v2_bam_CTAGCCTGTTAAAGAC,2,-18.455793027512303,8.002334253916942
neuron_1k_v2_bam_CTAGTGAAGGCTACGA,1,16.875567295390745,-19.95940860151832
neuron_1k_v2_bam_CTAGTGAAGGGATGGG,6,-3.464354478693546,3.499411146823125
neuron_1k_v2_bam_CTAGTGAAGTCAAGCG,5,1.6720571109243236,23.519598547554974
neuron_1k_v2_bam_CTCACACAGATGGCGT,6,2.695552442709344,1.0897581208527847
neuron_1k_v2_bam_CTCACACAGCAATCTC,2,-19.99237438099548,1.9328229829255164
neuron_1k_v2_bam_CTCACACCAAGACACG,1,5.027418915585601,-20.413935056989736
neuron_1k_v2_bam_CTCACACTCAGCTCGG,4,14.698473257398463,7.432082407754944
neuron_1k_v2_bam_CTCAGAACAGTATGCT,2,-30.766603793874854,9.33791366046901
neuron_1k_v2_bam_CTCAGAAGTAACGTTC,2,-32.32866022865516,8.943581031537441
neuron_1k_v2_bam_CTCAGAAGTTACGCGC,6,5.893923887505159,-8.21611783375767
neuron_1k_v2_bam_CTCATTATCAAGCCTA,2,-11.842367354863075,8.219911372518636
neuron_1k_v2_bam_CTCATTATCAGTGCAT,2,-30.73161644811896,9.69259321019352
neuron_1k_v2_bam_CTCATTATCCAGATCA,4,15.248154076813067,9.830585905743032
neuron_1k_v2_bam_CTCCTAGTCACAACGT,3,-11.210555326128308,-27.40494197399101
neuron_1k_v2_bam_CTCCTAGTCAGCTCGG,5,-0.6126834270102006,20.36272148917907
neuron_1k_v2_bam_CTCCTAGTCCACGACG,5,-5.471206020118831,21.89418742805596
neuron_1k_v2_bam_CTCCTAGTCCAGATCA,6,-1.9022944009306602,-12.846496698024836
neuron_1k_v2_bam_CTCGAAAGTTGAGTTC,5,-2.1016337257541293,28.975328451444934
neuron_1k_v2_bam_CTCGAAAGTTGCGCAC,2,-19.673099897710216,4.723066817165519
neuron_1k_v2_bam_CTCGAGGAGCCAGTTT,1,16.939077449920212,-8.576398153704707
neuron_1k_v2_bam_CTCGAGGTCTCTAAGG,1,20.490947508249686,-7.943814900838989
neuron_1k_v2_bam_CTCGGAGAGTGTTGAA,6,0.12391452313028585,-1.167018376015833
neuron_1k_v2_bam_CTCGGAGCAGCAGTTT,6,0.9441016703823771,-0.21041327498004533
neuron_1k_v2_bam_CTCGGAGGTACAGTGG,6,-2.1343066547635687,3.1997560771441056
neuron_1k_v2_bam_CTCGGAGGTCCAACTA,2,-18.749072519685097,5.0628815039232915
neuron_1k_v2_bam_CTCGGAGTCAGTCAGT,6,2.5758023204760327,0.14414879361116495
neuron_1k_v2_bam_CTCGGAGTCATGTCCC,4,21.106988789237224,-1.0390439354265737
neuron_1k_v2_bam_CTCGGAGTCGTCTGAA,4,12.026081198734262,1.8452086094336904
neuron_1k_v2_bam_CTCGGAGTCTGCAGTA,4,21.647920983124823,2.0993371062789166
neuron_1k_v2_bam_CTCGGGAGTAAACGCG,5,9.053095910008764,28.47726435453804
neuron_1k_v2_bam_CTCGTACCAGCTTAAC,4,18.55806324908235,7.7062730793513445
neuron_1k_v2_bam_CTCGTACCATCCCATC,2,-10.581673962921327,5.298259935243601
neuron_1k_v2_bam_CTCGTCACACGGCGTT,2,-13.639162075961027,11.068076988063586
neuron_1k_v2_bam_CTCGTCAGTACCGAGA,1,1.4660294609172877,-15.921903811860464
neuron_1k_v2_bam_CTCGTCATCCAGTAGT,4,18.44643324393361,-2.2487230633650137
neuron_1k_v2_bam_CTCTAATTCAAACGGG,4,17.317458451383885,-4.001338447957407
neuron_1k_v2_bam_CTCTAATTCGTAGGAG,5,-6.141939093831498,24.63711559780486
neuron_1k_v2_bam_CTCTACGTCTGAGGGA,1,13.389217023382264,-14.633345853526112
neuron_1k_v2_bam_CTCTGGTTCACGCGGT,1,1.2180375583400966,-20.625673017746866
neuron_1k_v2_bam_CTGAAACTCAAAGTAG,1,16.53035321181633,-10.703938940345745
neuron_1k_v2_bam_CTGAAGTAGAAACGCC,6,5.768581553758248,-7.580048196486125
neuron_1k_v2_bam_CTGAAGTCAAGACACG,1,21.531889724099084,-14.258824879646044
neuron_1k_v2_bam_CTGATAGAGACCCACC,2,-19.259418548830656,6.002567897224078
neuron_1k_v2_bam_CTGATAGAGGATATAC,1,19.375960431650757,-15.585099309037107
neuron_1k_v2_bam_CTGATAGGTGGCAAAC,6,-5.166981044250234,2.262082365748247
neuron_1k_v2_bam_CTGATCCAGAGTAAGG,3,-25.559115624725468,-13.696459714346119
neuron_1k_v2_bam_CTGATCCAGCTCAACT,2,-2.8190634631302927,21.319726314372147
neuron_1k_v2_bam_CTGATCCGTCTAGCGC,1,12.31029614795228,-18.85343827678854
neuron_1k_v2_bam_CTGATCCGTCTCTTTA,6,-1.7930916506015444,-1.7259755969676274
neuron_1k_v2_bam_CTGCCTACAGGCGATA,5,-2.1759225126382873,28.533168502151415
neuron_1k_v2_bam_CTGCCTATCCCTTGTG,1,8.08994210404101,-9.863812818248116
neuron_1k_v2_bam_CTGCGGACAGCCACCA,3,-15.456949087115216,-20.100973591856672
neuron_1k_v2_bam_CTGCGGACAGGGTACA,3,-1.5480508054012327,-14.167777121628724
neuron_1k_v2_bam_CTGCGGAGTACAGTTC,6,5.7640098721995265,-5.5487351584468545
neuron_1k_v2_bam_CTGCTGTAGGCAAAGA,1,4.023264647737148,-21.738963729981666
neuron_1k_v2_bam_CTGGTCTCAGATTGCT,2,-18.80840397640565,-1.158921344961889
neuron_1k_v2_bam_CTGGTCTGTAATCACC,3,-18.735220485427465,-15.550224143797514
neuron_1k_v2_bam_CTGTTTACAGATCCAT,1,1.7810105636000195,-22.79175877362564
neuron_1k_v2_bam_CTGTTTACAGCGTTCG,4,13.398159078024227,2.0811466960004097
neuron_1k_v2_bam_CTGTTTAGTCTCCATC,2,-18.306563268763224,5.235668971402089
neuron_1k_v2_bam_CTTAACTCAAAGGAAG,1,22.83154823273242,-5.005105981693735
neuron_1k_v2_bam_CTTAACTCAACGATGG,2,-10.234183430930793,3.803156594370673
neuron_1k_v2_bam_CTTAACTGTTGAGGTG,4,20.297908520897675,3.583388926729292
neuron_1k_v2_bam_CTTACCGAGTAGATGT,1,6.491120893140475,-21.027310217385523
neuron_1k_v2_bam_CTTACCGCAGTTAACC,1,13.244759815152358,-18.672039318590315
neuron_1k_v2_bam_CTTAGGACAAGTCATC,1,4.849523122258897,-21.144367498931782
neuron_1k_v2_bam_CTTAGGACACACTGCG,5,0.8113498610275284,25.78463719141414
neuron_1k_v2_bam_CTTCTCTAGGCCCGTT,2,-9.939133492911623,7.85051670135031
neuron_1k_v2_bam_CTTCTCTAGTCGTACT,1,16.789077390956844,-15.055963492608349
neuron_1k_v2_bam_CTTCTCTAGTGACTCT,2,-32.48714353751351,10.087223682225284
neuron_1k_v2_bam_CTTGGCTCACAGTCGC,2,-31.98801907482526,9.18465478508489
neuron_1k_v2_bam_CTTGGCTGTGCGGTAA,6,-1.6734211072191325,-0.22947385343222043
neuron_1k_v2_bam_CTTTGCGAGGAGCGTT,2,-14.104214575606601,8.665958979952178
neuron_1k_v2_bam_CTTTGCGAGTATGACA,3,-24.469899102880806,-14.029668908826599
neuron_1k_v2_bam_CTTTGCGGTACCGGCT,3,-23.603501041645547,-10.183158109808497
neuron_1k_v2_bam_CTTTGCGGTCTGATCA,6,3.0779784347687666,3.4642930761753212
neuron_1k_v2_bam_CTTTGCGGTTACGGAG,4,-2.126522142374928,9.807502146024905
neuron_1k_v2_bam_GAAACTCAGAGCTGCA,2,-12.77964276045283,11.442974802371655
neuron_1k_v2_bam_GAAACTCAGCGTAGTG,4,12.815985880972274,1.4711327116728188
neuron_1k_v2_bam_GAAACTCCAGGGATTG,4,20.926955707310803,3.6957448089553098
neuron_1k_v2_bam_GAAACTCGTACATCCA,5,7.707433000511254,35.1444653707265
neuron_1k_v2_bam_GAAACTCTCAGGTAAA,1,16.99684427137981,-13.34653361404722
neuron_1k_v2_bam_GAACATCAGCTCAACT,4,12.933056381238561,-1.8457185449070748
neuron_1k_v2_bam_GAACATCAGTGGGTTG,3,-19.88027014959796,-7.907896060869035
neuron_1k_v2_bam_GAACATCCAAGACGTG,4,18.896921990065024,-2.187121073066302
neuron_1k_v2_bam_GAACATCCATTACCTT,3,-10.11072553945087,-13.63319738879161
neuron_1k_v2_bam_GAACCTAAGCCAGGAT,4,7.882415428832994,1.310566264517195
neuron_1k_v2_bam_GAACCTATCTCGAGTA,3,-19.307496421482394,-15.667698436872296
neuron_1k_v2_bam_GAACGGAAGATTACCC,1,9.097328073223055,-9.080475046511344
neuron_1k_v2_bam_GAACGGACACTGTGTA,4,8.050413112168457,2.5830532884914863
neuron_1k_v2_bam_GAACGGAGTACTCGCG,2,-17.799739186039236,8.13934012931089
neuron_1k_v2_bam_GAAGCAGGTCTAGAGG,1,2.2700529331414665,-21.45269632962994
neuron_1k_v2_bam_GAAGCAGGTGTTTGGT,1,21.714660173325772,-9.068333969535148
neuron_1k_v2_bam_GAAGCAGGTTCCACGG,4,19.92596884183275,-0.5982158754782667
neuron_1k_v2_bam_GAAGCAGTCTCTAAGG,3,-26.286739350296298,-13.365930004704534
neuron_1k_v2_bam_GAATAAGAGACCACGA,4,16.991576117535853,-3.302708733539848
neuron_1k_v2_bam_GAATAAGCAATGTAAG,1,9.702106112139656,-19.893185207393945
neuron_1k_v2_bam_GAATAAGGTGCAACTT,1,6.362882896322488,-21.388876390851504
neuron_1k_v2_bam_GAATAAGTCAGATAAG,3,-4.390921288793805,-19.502694558936444
neuron_1k_v2_bam_GAATGAAAGCGGATCA,1,21.250256036839787,-8.745261731954969
neuron_1k_v2_bam_GAATGAATCTTGCAAG,3,-3.2767205218617272,-16.227264764099015
neuron_1k_v2_bam_GACACGCAGTCACGCC,3,-0.4247516384558399,-11.994046565210398
neuron_1k_v2_bam_GACAGAGAGTCACGCC,5,5.866056472949963,30.01554220886339
neuron_1k_v2_bam_GACAGAGCACATCTTT,6,7.710129449918833,-7.7178102065587755
neuron_1k_v2_bam_GACAGAGGTGAGCGAT,2,-19.181690756907052,-0.8020423585029832
neuron_1k_v2_bam_GACAGAGTCATCTGCC,3,-18.025418349614405,-9.55690743052348
neuron_1k_v2_bam_GACAGAGTCTATCCTA,2,-17.04051964120838,3.760602609561783
neuron_1k_v2_bam_GACCAATGTACAGTTC,2,-15.02432939013247,8.567052147551017
neuron_1k_v2_bam_GACCAATTCAGGATCT,5,-8.42533778228345,24.241812955357815
neuron_1k_v2_bam_GACCTGGCAAGCCTAT,3,-11.158926532086602,-27.465173134886893
neuron_1k_v2_bam_GACGGCTTCGTTGCCT,3,-14.261969863253434,-5.433537575902639
neuron_1k_v2_bam_GACGTGCCACCTTGTC,5,5.924222269296581,34.25701881260384
neuron_1k_v2_bam_GACGTGCCACTTCGAA,6,2.6781833886458504,0.5210613564315483
neuron_1k_v2_bam_GACGTGCGTGCTAGCC,3,-26.026508420543447,-13.542047185160218
neuron_1k_v2_bam_GACGTGCTCCTTGCCA,4,-6.579374018398504,11.791124176056353
neuron_1k_v2_bam_GACGTGCTCGCAAACT,6,-17.872847217249166,-12.281961294794042
neuron_1k_v2_bam_GACGTTACACTAAGTC,3,-19.994896463866336,-18.278952370774018
neuron_1k_v2_bam_GACGTTACATGCCACG,4,13.01105019402068,4.779529342481931
neuron_1k_v2_bam_GACTACACAAGTCTGT,4,14.817601143572142,7.289777940065851
neuron_1k_v2_bam_GACTACAGTCTTCGTC,5,-0.6871244058072393,24.659427075052225
neuron_1k_v2_bam_GACTGCGAGGGATGGG,4,21.71142613089541,7.683789042244927
neuron_1k_v2_bam_GACTGCGGTACGAAAT,2,-13.877111323771102,9.688595534380406
neuron_1k_v2_bam_GACTGCGTCAGGCGAA,3,-21.178402894062135,-17.90306633565334
neuron_1k_v2_bam_GACTGCGTCCCAAGTA,5,4.197603544130016,22.855950945350525
neuron_1k_v2_bam_GACTGCGTCTGTCTAT,4,15.838238850352553,9.477817986684608
neuron_1k_v2_bam_GAGCAGAAGCCTCGTG,1,11.854195134977058,-11.767689283459392
neuron_1k_v2_bam_GAGCAGAAGGTGACCA,1,11.405866750582616,-18.309300743610855
neuron_1k_v2_bam_GAGCAGATCTGCTGTC,1,2.269448838359018,-19.650485229740163
neuron_1k_v2_bam_GAGGTGAAGCTACCTA,4,16.617229159335785,-2.3504073119915776
neuron_1k_v2_bam_GAGGTGAGTAGAGGAA,5,6.582725242291708,32.23219257697702
neuron_1k_v2_bam_GAGTCCGCATCTATGG,4,1.8691124093756615,7.988643028504555
neuron_1k_v2_bam_GAGTCCGGTAATCACC,2,-6.797845871235444,9.613719268111959
neuron_1k_v2_bam_GAGTCCGTCTTACCGC,5,-5.734143705660524,21.617760953296006
neuron_1k_v2_bam_GATCAGTGTTCGCGAC,6,0.7610753126640637,-2.766998527826725
neuron_1k_v2_bam_GATCGATAGCCCGAAA,6,-5.055858653648113,8.171012469228248
neuron_1k_v2_bam_GATCGATCACCAACCG,2,-19.649247245817847,6.5984375557716195
neuron_1k_v2_bam_GATCGATCACTGTTAG,1,17.04369834959847,-13.415866685088574
neuron_1k_v2_bam_GATCGCGCAAACGTGG,5,0.48561919211201965,26.2292959279451
neuron_1k_v2_bam_GATCGCGCAGCTGTGC,5,-0.756651942487184,30.06832982107613
neuron_1k_v2_bam_GATCTAGGTAAATGTG,4,19.126868407217863,6.236086799595786
neuron_1k_v2_bam_GATGAAAAGAAGGCCT,2,-17.618350163794897,2.328212056399614
neuron_1k_v2_bam_GATGAAACAGTGACAG,4,22.172564942645515,-2.7773165238310273
neuron_1k_v2_bam_GATGAAATCCAAGTAC,2,-17.56717747885985,8.126841003494688
neuron_1k_v2_bam_GATGAGGCAAGGTGTG,1,12.852638982742135,-10.95680011419461
neuron_1k_v2_bam_GATGAGGCAAGTCTGT,6,-0.15231490609456252,-13.44132978282455
neuron_1k_v2_bam_GATGAGGTCACAATGC,6,8.512177119489854,-7.2286005999606315
neuron_1k_v2_bam_GATGAGGTCACATAGC,3,-17.036920035913223,-20.387653165194774
neuron_1k_v2_bam_GATGCTAAGGCACATG,3,-3.588469487371699,-21.701762251288887
neuron_1k_v2_bam_GATGCTAAGGCCGAAT,3,-21.011259046081054,-18.01282702932199
neuron_1k_v2_bam_GATGCTACAATGACCT,3,-25.891092384924548,-13.473195164682707
neuron_1k_v2_bam_GATGCTAGTTCACCTC,4,15.9243031971709,-4.6915188372493395
neuron_1k_v2_bam_GATGCTATCCACTCCA,1,11.794993307509763,-12.163763522160679
neuron_1k_v2_bam_GATTCAGGTAGCGTGA,4,22.11477104251638,-6.114791115085801
neuron_1k_v2_bam_GCAAACTCAATGTTGC,3,-1.2361992119909857,-14.219076529130385
neuron_1k_v2_bam_GCAAACTTCTAACTCT,1,9.594603732128613,-19.854025222020915
neuron_1k_v2_bam_GCAATCAAGGTAGCCA,4,15.517476385531928,9.928116322604248
neuron_1k_v2_bam_GCAATCACACAAGACG,2,-4.614386630521267,9.121212056615779
neuron_1k_v2_bam_GCAATCAGTCCAAGTT,2,-14.01273693046639,11.033385787520062
neuron_1k_v2_bam_GCAATCAGTGCAACGA,2,-8.541372063686767,3.8291872388643426
neuron_1k_v2_bam_GCACATAAGCTGAACG,4,21.435796975621944,7.851391282457415
neuron_1k_v2_bam_GCACTCTTCCTGTACC,5,3.23168165413118,30.217081091445703
neuron_1k_v2_bam_GCACTCTTCTATCGCC,1,13.844011290016478,-19.28512288211746
neuron_1k_v2_bam_GCAGCCAGTGAAGGCT,1,14.807355364829176,-16.78806194948133
neuron_1k_v2_bam_GCAGTTAAGATCCCAT,2,-2.8407596554167336,8.631516384417454
neuron_1k_v2_bam_GCATACAAGATGTGGC,1,13.294559275702833,-14.013368233299985
neuron_1k_v2_bam_GCATACAGTAAACCTC,5,4.882174443399904,30.419099269604587
neuron_1k_v2_bam_GCATGATAGGGCATGT,2,-31.247021876961924,9.082550146774084
neuron_1k_v2_bam_GCATGATGTTGGACCC,2,-10.198563476447482,10.858924717821575
neuron_1k_v2_bam_GCATGATTCATCGCTC,3,4.702803572406738,21.838896556309
neuron_1k_v2_bam_GCATGCGCAGACACTT,2,-11.566007449752908,8.022372594972484
neuron_1k_v2_bam_GCATGCGGTGAGTGAC,1,18.609619541514583,-20.89500045778876
neuron_1k_v2_bam_GCATGTAAGGTAGCCA,6,6.219079365800533,-1.2686394683600049
neuron_1k_v2_bam_GCATGTACACAGACTT,6,-7.195703331385792,2.8906141642944063
neuron_1k_v2_bam_GCATGTACACCAGTTA,4,17.06814746055074,4.767801364457811
neuron_1k_v2_bam_GCATGTAGTACAAGTA,2,-9.59454067701134,20.561787034528418
neuron_1k_v2_bam_GCATGTATCAATCACG,5,-6.969841763128708,21.63891306997402
neuron_1k_v2_bam_GCATGTATCGCGGATC,1,11.680143526233167,-15.956100110698854
neuron_1k_v2_bam_GCCAAATCACCAACCG,6,-3.0742356623840985,-0.3473764600801078
neuron_1k_v2_bam_GCCAAATTCTAACTCT,4,20.16132530373969,5.6672776177447535
neuron_1k_v2_bam_GCCTCTACAAGAGGCT,3,-15.201383331371224,-20.22238017905101
neuron_1k_v2_bam_GCCTCTACACCAGTTA,3,-16.500887036414547,-10.708995133687841
neuron_1k_v2_bam_GCCTCTACAGCTGCAC,2,-10.863279808776893,10.853029345471628
neuron_1k_v2_bam_GCCTCTAGTCTGATTG,5,7.636555285870203,29.613478654021755
neuron_1k_v2_bam_GCCTCTATCACATGCA,5,10.062000955182103,28.26933463453307
neuron_1k_v2_bam_GCCTCTATCGGTGTCG,1,13.517477288298986,-16.432793594278507
neuron_1k_v2_bam_GCGACCAAGACTAAGT,4,22.422121788609605,7.5132444505682034
neuron_1k_v2_bam_GCGACCACAAGTCTGT,1,8.978031100877116,-15.788982133779564
neuron_1k_v2_bam_GCGACCACAGTATCTG,6,7.545296432248301,-3.7149279793341052
neuron_1k_v2_bam_GCGAGAATCGAATCCA,4,-2.0572606767356523,9.703946561303232
neuron_1k_v2_bam_GCGCAACCAGACAGGT,2,-11.638330600601192,19.98864976439774
neuron_1k_v2_bam_GCGCAACCAGCGAACA,3,-5.413381053412667,-17.599829494281693
neuron_1k_v2_bam_GCGCAACCAGCTGGCT,3,-25.12078005151188,-12.124686654528285
neuron_1k_v2_bam_GCGCAACCATCTATGG,6,-3.2593156911771315,3.249486275371954
neuron_1k_v2_bam_GCGCAACGTTATTCTC,4,19.882471870424833,-6.297920140292842
neuron_1k_v2_bam_GCGCAACGTTCGTCTC,4,-6.216151193481355,11.683453276592253
neuron_1k_v2_bam_GCGCAACTCAGCTCGG,4,17.051720709948807,1.8130870153593817
neuron_1k_v2_bam_GCGCAGTCAATGCCAT,6,-2.6468961066087924,8.363008905876452
neuron_1k_v2_bam_GCGCAGTTCCCACTTG,1,3.0197909093222477,-18.199429098876845
neuron_1k_v2_bam_GCGCGATTCACGACTA,2,-8.682877918975525,4.040560875590129
neuron_1k_v2_bam_GCGGGTTAGTCAAGCG,4,-0.5025950741202685,8.666014411210423
neuron_1k_v2_bam_GCGGGTTCAACTGCGC,3,-16.84720195905548,-22.85575663621781
neuron_1k_v2_bam_GCTCCTAGTGGCTCCA,6,0.9429112059160292,-1.7957345748708349
neuron_1k_v2_bam_GCTCCTATCCGCGTTT,6,1.1018379799325202,1.6769073351661392
neuron_1k_v2_bam_GCTCTGTCAATAGCGG,1,21.35583774281146,-7.798776535276827
neuron_1k_v2_bam_GCTCTGTCACCCTATC,5,2.9938758308958437,27.1847883702612
neuron_1k_v2_bam_GCTGCAGAGTGGACGT,4,15.44898377174467,4.686638286664134
neuron_1k_v2_bam_GCTGCAGCACCGTTGG,6,0.5159928144604768,-3.223413296342393
neuron_1k_v2_bam_GCTGCAGCATGGTCTA,6,-3.0302360297863014,-0.8678974332186384
neuron_1k_v2_bam_GCTGCAGTCACCACCT,5,-4.859987966298006,23.228617465991586
neuron_1k_v2_bam_GCTGCAGTCTCTTATG,2,-31.937700879386487,9.912175143442656
neuron_1k_v2_bam_GCTGCAGTCTTTAGTC,6,-8.449111040759579,3.2721560125750524
neuron_1k_v2_bam_GCTGCGAAGAGCTGCA,6,5.489945704781298,-8.417444230879791
neuron_1k_v2_bam_GCTGCGAAGCTTATCG,6,-4.980992227385114,2.53212824391239
neuron_1k_v2_bam_GCTGCGAGTTCCGGCA,2,-16.37021846426917,2.70139922777341
neuron_1k_v2_bam_GCTGCGATCTTGTATC,2,-11.045976936238429,18.757566985248303
neuron_1k_v2_bam_GCTGCTTCATGGTCAT,2,-10.598093647922262,3.048142900419922
neuron_1k_v2_bam_GCTGCTTGTATAGGGC,6,8.240393076065319,-7.819045664074419
neuron_1k_v2_bam_GCTGCTTTCCTGCAGG,6,-1.3804627908938065,2.9725649949450235
neuron_1k_v2_bam_GCTGGGTAGACCTAGG,6,-6.446644219118493,3.1304855775240314
neuron_1k_v2_bam_GCTGGGTAGGAGCGTT,2,-6.178323959652452,18.98279504484614
neuron_1k_v2_bam_GCTGGGTAGGCCATAG,3,-16.63767108000823,-20.699691916207282
neuron_1k_v2_bam_GCTGGGTAGTGGAGAA,4,6.179437116828026,7.75695631840956
neuron_1k_v2_bam_GCTGGGTGTAAGGATT,5,1.823518186018122,26.19517363227369
neuron_1k_v2_bam_GCTGGGTGTATGAATG,5,-6.977088347549898,21.430091839691357
neuron_1k_v2_bam_GCTTCCACACAGATTC,5,2.0649844892268723,28.484178320313337
neuron_1k_v2_bam_GCTTCCACAGTCTTCC,6,-0.10461583840178473,8.441588023016353
neuron_1k_v2_bam_GCTTCCATCGTCCGTT,4,21.363191024216945,5.412806025593802
neuron_1k_v2_bam_GCTTGAAAGCCTCGTG,6,-3.264640573726083,4.271700800004471
neuron_1k_v2_bam_GCTTGAACATCTCCCA,4,19.575881406260066,5.040693417286809
neuron_1k_v2_bam_GCTTGAAGTCTCTTTA,6,-6.817271222153833,4.0619090898992445
neuron_1k_v2_bam_GCTTGAAGTCTTGCGG,3,-23.340986154032002,-11.736882485958999
neuron_1k_v2_bam_GGAAAGCGTACAGTGG,2,-14.85960869488649,2.4018776935315977
neuron_1k_v2_bam_GGAAAGCGTCTAAAGA,4,18.383970063503433,3.2612689635031304
neuron_1k_v2_bam_GGAAAGCTCCGTCAAA,4,10.056482386897045,-3.4720547001706614
neuron_1k_v2_bam_GGAACTTAGCTAGTCT,1,19.1182127541137,-14.119722154776314
neuron_1k_v2_bam_GGAACTTTCGCCGTGA,4,9.499117863896407,-2.9337636121205524
neuron_1k_v2_bam_GGAATAAGTCTGCAAT,6,-4.615057533987417,-0.8677629224879175
neuron_1k_v2_bam_GGACAAGCAAAGGTGC,4,2.370003000232931,8.376969085242242
neuron_1k_v2_bam_GGACAAGCAACACCCG,3,-18.666658588423147,-8.616958301861933
neuron_1k_v2_bam_GGACAAGCACGGATAG,4,21.551033014864608,-6.266113299138116
neuron_1k_v2_bam_GGACAGAAGAAACGAG,2,-10.781469299153741,19.504027801701387
neuron_1k_v2_bam_GGACAGAAGAGAACAG,1,13.102235441728716,-13.491928698090494
neuron_1k_v2_bam_GGACATTAGTCAAGCG,1,11.6624357738442,-11.669673365824647
neuron_1k_v2_bam_GGACATTAGTCATCCA,1,6.2444451102847065,-21.43551429680996
neuron_1k_v2_bam_GGACATTAGTGCTGCC,6,0.7118070048306142,-0.805282381970022
neuron_1k_v2_bam_GGACATTCAATGGTCT,6,2.871628778025811,3.8035809778320075
neuron_1k_v2_bam_GGACATTGTGTCAATC,6,-1.2537030562401343,-3.239136764787968
neuron_1k_v2_bam_GGACGTCGTGAGTGAC,2,-31.526084171557198,10.574738079474555
neuron_1k_v2_bam_GGACGTCTCACTATTC,1,9.178633316285437,-11.726243165929818
neuron_1k_v2_bam_GGACGTCTCCGGGTGT,2,-29.604925924830738,8.70448719257699
neuron_1k_v2_bam_GGAGCAAAGACGACGT,3,-5.050241612732079,-21.286584280311473
neuron_1k_v2_bam_GGAGCAAAGGCTAGAC,6,-2.5939434400439634,2.354771449495645
neuron_1k_v2_bam_GGAGCAAGTGTCAATC,6,-4.188230912983402,1.4699987307160656
neuron_1k_v2_bam_GGAGCAATCGCACTCT,5,8.517755386737017,33.73124407286053
neuron_1k_v2_bam_GGATGTTGTACCGGCT,1,19.99487699013557,-16.68874187592829
neuron_1k_v2_bam_GGATGTTTCCTCAATT,6,-0.5557263416229719,0.49561245040397156
neuron_1k_v2_bam_GGATGTTTCTCAACTT,3,-26.64462442044394,-13.546529157126047
neuron_1k_v2_bam_GGATTACAGACGACGT,1,17.711592434252754,-15.463851966000004
neuron_1k_v2_bam_GGATTACAGGAGCGTT,5,10.729300210431417,32.62190122644152
neuron_1k_v2_bam_GGCAATTGTATTACCG,3,-17.26490948438655,-20.65630490044275
neuron_1k_v2_bam_GGCCGATCATGGATGG,1,1.9045545593521749,-22.050550391548022
neuron_1k_v2_bam_GGCCGATGTCGCATAT,5,-7.250871893832351,21.493387212289317
neuron_1k_v2_bam_GGCCGATGTTACGACT,3,-11.1803670372943,-27.417586418587927
neuron_1k_v2_bam_GGCGTGTAGCGTCAAG,6,4.261128241794421,-8.730321006526845
neuron_1k_v2_bam_GGCGTGTAGGAATTAC,4,15.581631885987946,-0.1412389262660943
neuron_1k_v2_bam_GGCGTGTCACCCATTC,6,7.77745254276603,-4.661554914793399
neuron_1k_v2_bam_GGCGTGTCACGACGAA,1,18.471294241653126,-16.759662400115918
neuron_1k_v2_bam_GGCGTGTGTCGCTTTC,6,6.266813461864517,-0.4009008741951557
neuron_1k_v2_bam_GGCGTGTGTTAAGGGC,2,-21.426017819670914,2.033695727262345
neuron_1k_v2_bam_GGCGTGTTCGCTTGTC,2,-14.730251620160262,10.276887297735401
neuron_1k_v2_bam_GGCTCGAAGAGGTTGC,5,7.840226269853891,34.96494264048513
neuron_1k_v2_bam_GGCTCGAGTAGGCATG,4,22.059154887419435,-5.788191027530119
neuron_1k_v2_bam_GGCTCGATCTTCTGGC,2,-10.093158620401251,3.3721656798498767
neuron_1k_v2_bam_GGCTGGTCAAATTGCC,3,-23.69454036830475,-11.22330210914421
neuron_1k_v2_bam_GGCTGGTGTTGTTTGG,5,2.8616677732102556,28.36464317283323
neuron_1k_v2_bam_GGGACCTCAGAGCCAA,1,5.539822779588444,-18.314038454208525
neuron_1k_v2_bam_GGGACCTCAGGATTGG,3,-24.5220987142335,-13.363819425786227
neuron_1k_v2_bam_GGGACCTCATTTGCTT,1,20.853195809776686,-11.003993012583669
neuron_1k_v2_bam_GGGAGATAGGTGATTA,2,-14.444621129739305,11.973355419672915
neuron_1k_v2_bam_GGGAGATAGTACGATA,1,20.63641683152154,-18.272863273069408
neuron_1k_v2_bam_GGGAGATGTTGCTCCT,3,-2.773155035985862,-21.81269785018379
neuron_1k_v2_bam_GGGAGATTCGTAGATC,1,15.514113131342864,-21.941324631453874
neuron_1k_v2_bam_GGGAGATTCTTGTCAT,3,-25.670517353961163,-12.66983739957365
neuron_1k_v2_bam_GGGATGAAGGGTCTCC,6,-0.17217366339728585,-2.126804474217449
neuron_1k_v2_bam_GGGATGAAGTATCTCG,5,7.362620822596556,31.32781385706127
neuron_1k_v2_bam_GGGATGACACCCTATC,1,4.166665061345926,-18.82527996616498
neuron_1k_v2_bam_GGGATGAGTTTACTCT,3,-14.346108046368379,-5.306109862554964
neuron_1k_v2_bam_GGGCACTAGGTAAACT,3,-15.095180931599998,-18.31566058196252
neuron_1k_v2_bam_GGGCACTCACCAGGCT,2,-8.38087781792228,12.608757044352568
neuron_1k_v2_bam_GGGCACTCAGGAATCG,4,2.744009007008746,8.689590394865068
neuron_1k_v2_bam_GGGCACTTCTCGCATC,3,-11.324213275292577,-27.356733277236916
neuron_1k_v2_bam_GGGCATCAGACTCGGA,1,9.34373872013352,-8.845793946907369
neuron_1k_v2_bam_GGGCATCCAGCTCGCA,6,1.4785705084524574,21.29865745990959
neuron_1k_v2_bam_GGGCATCCATGCATGT,1,9.129697319005587,-15.909705081109639
neuron_1k_v2_bam_GGGCATCCATTCTCAT,3,-14.15256658909219,-19.890947359452774
neuron_1k_v2_bam_GGGCATCTCACCATAG,5,-1.065449350537252,29.673102946594522
neuron_1k_v2_bam_GGGTCTGGTTGTGGAG,1,12.620894516738568,-19.359570425397532
neuron_1k_v2_bam_GGGTTGCAGACTTGAA,5,5.21661921052985,30.66196403988904
neuron_1k_v2_bam_GGGTTGCCATGTAGTC,1,6.472325767693541,-21.320524483798295
neuron_1k_v2_bam_GGGTTGCGTATAGGTA,2,-22.593764186380707,-6.488682528718481
neuron_1k_v2_bam_GGGTTGCTCAGCTGGC,1,9.547473202499361,-9.652609621189741
neuron_1k_v2_bam_GGGTTGCTCTCGGACG,1,19.194924714043704,-17.277747327906052
neuron_1k_v2_bam_GGTGCGTCAACGATCT,6,6.496041969165018,-5.756026956357995
neuron_1k_v2_bam_GGTGCGTCATGCCTAA,1,20.199996489676643,-10.86369203893242
neuron_1k_v2_bam_GGTGTTAAGCTACCGC,6,6.646561318183796,-7.439918413205595
neuron_1k_v2_bam_GGTGTTATCAGTGTTG,5,-1.7383457676971292,25.805801568219273
neuron_1k_v2_bam_GGTGTTATCCCAAGTA,2,-30.813150246904716,8.628323616135287
neuron_1k_v2_bam_GTAACGTCATGTCCTC,6,7.5194619695296065,-6.354562556886687
neuron_1k_v2_bam_GTAACGTTCCACGCAG,5,2.0670494409958304,26.82778157861871
neuron_1k_v2_bam_GTAACTGTCTCGAGTA,1,4.8406564348423995,-21.29853358567018
neuron_1k_v2_bam_GTACGTAAGGGCTTCC,2,-13.56854293134856,13.30297964356484
neuron_1k_v2_bam_GTACGTAGTCATATCG,3,-16.44129187141754,-22.151426490119366
neuron_1k_v2_bam_GTACGTAGTCTGCCAG,6,-1.6563571233805992,1.651814721795267
neuron_1k_v2_bam_GTACGTATCTCTGCTG,1,24.564875822882996,11.474912368052635
neuron_1k_v2_bam_GTACTCCAGCCCAGCT,2,-15.647970562121806,-3.645402796426373
neuron_1k_v2_bam_GTACTCCGTCTCTCTG,3,-23.700560379986705,-10.424389776238762
neuron_1k_v2_bam_GTACTCCTCCGTAGTA,2,-9.207967931496782,21.01246587071263
neuron_1k_v2_bam_GTACTTTCACAGTCGC,2,-31.83760942442032,10.453368997609136
neuron_1k_v2_bam_GTACTTTGTGCCTGGT,3,-26.813173350927546,-14.322680546587858
neuron_1k_v2_bam_GTACTTTTCCCTTGCA,6,-0.08550077629670812,6.269749547769547
neuron_1k_v2_bam_GTAGGCCGTCAGTGGA,4,18.942622435076604,2.276156891451089
neuron_1k_v2_bam_GTAGTCAAGTACATGA,4,19.371513740366712,1.698782563834543
neuron_1k_v2_bam_GTAGTCAGTCTCTCGT,3,-21.092595708325778,-7.607827039600938
neuron_1k_v2_bam_GTAGTCATCCCGACTT,5,-4.372354633146828,23.233167091076773
neuron_1k_v2_bam_GTATTCTAGTAGCGGT,3,-6.252501959625125,-17.352976516572006
neuron_1k_v2_bam_GTATTCTCATACGCCG,3,-20.96757770629419,-15.80960154661617
neuron_1k_v2_bam_GTATTCTTCTCGCATC,6,-0.33532449439144474,0.45502575652768046
neuron_1k_v2_bam_GTCAAGTAGATCCCGC,2,-18.793062106750266,5.829515935857737
neuron_1k_v2_bam_GTCACAAAGCTAGTCT,4,15.14525975150382,8.207453436435532
neuron_1k_v2_bam_GTCACAACATGGTCTA,3,-11.490026809331438,-27.2542288239787
neuron_1k_v2_bam_GTCACAAGTCGCGAAA,3,-14.228354682363477,-5.478751484294258
neuron_1k_v2_bam_GTCACAAGTTCGTTGA,3,-14.293418280375036,-5.3737413194810815
neuron_1k_v2_bam_GTCACAATCACCCGAG,2,-20.17062695426063,-0.19149157459252908
neuron_1k_v2_bam_GTCACAATCGTAGGTT,1,1.978790366675166,-21.22308981851722
neuron_1k_v2_bam_GTCACAATCTTCTGGC,2,-8.204450160143104,11.723723101894842
neuron_1k_v2_bam_GTCACGGAGACAGGCT,3,-18.61999040219985,-15.28501106317599
neuron_1k_v2_bam_GTCACGGAGGAGCGTT,2,-32.24281076545991,10.47054841743879
neuron_1k_v2_bam_GTCACGGCATAACCTG,4,15.560752052255898,6.110778916811846
neuron_1k_v2_bam_GTCACGGGTAAGGGCT,1,8.15832483684134,-16.86213704775772
neuron_1k_v2_bam_GTCACGGTCCGAGCCA,1,13.990366696123182,-15.773849110515608
neuron_1k_v2_bam_GTCATTTAGCGATTCT,5,10.096530770263259,31.428457962019458
neuron_1k_v2_bam_GTCATTTCAGATCCAT,5,5.212700529882411,27.54080831253841
neuron_1k_v2_bam_GTCATTTTCACGCATA,5,8.794595657191088,29.061720361941585
neuron_1k_v2_bam_GTCCTCATCGCAAACT,4,18.31131425641454,6.615311524889021
neuron_1k_v2_bam_GTCGGGTAGACTGTAA,1,20.57901147178768,-6.748260979001065
neuron_1k_v2_bam_GTCGTAAGTCTAGTCA,5,2.7746785689552773,24.32979266749495
neuron_1k_v2_bam_GTCGTAATCATTTGGG,5,6.5836112318377,31.656580148769276
neuron_1k_v2_bam_GTCTCGTAGAGCTTCT,6,-1.9104890512336514,4.193832838529875
neuron_1k_v2_bam_GTCTCGTTCTGCTTGC,5,-1.1402984485845908,24.773058848404137
neuron_1k_v2_bam_GTCTTCGGTAGCTGCC,1,6.713023633895261,-19.340142420054562
neuron_1k_v2_bam_GTCTTCGTCCGCAGTG,3,-17.33584087276984,-12.680757171169509
neuron_1k_v2_bam_GTGAAGGAGAGCCTAG,4,21.715275093479008,-2.1783112580876023
neuron_1k_v2_bam_GTGAAGGCACGGTAAG,1,19.897343192750245,-18.436718939431852
neuron_1k_v2_bam_GTGAAGGGTCCAGTAT,6,-1.6594365817969199,3.9060721046837132
neuron_1k_v2_bam_GTGAAGGGTCTCGTTC,3,-16.73608957538932,-22.2744788331821
neuron_1k_v2_bam_GTGCAGCCACGAGAGT,2,-17.70893712804907,8.39787556838592
neuron_1k_v2_bam_GTGCAGCGTTCCCTTG,3,-23.018631753769593,-10.245338819528511
neuron_1k_v2_bam_GTGCAGCGTTGCCTCT,4,21.378825458239326,1.7502192691204397
neuron_1k_v2_bam_GTGCATAGTCAAACTC,6,-0.7883210297821964,-2.222629945713119
neuron_1k_v2_bam_GTGCGGTGTGGTCTCG,3,-12.618793163642396,-26.651610458049642
neuron_1k_v2_bam_GTGCTTCCATGCCACG,4,14.138754908609245,1.7267183090757758
neuron_1k_v2_bam_GTGCTTCGTGTTCTTT,3,-18.348972270351368,-21.992374760386774
neuron_1k_v2_bam_GTGCTTCTCGCCTGAG,2,-9.416936990776623,4.526405296493488
neuron_1k_v2_bam_GTGGGTCAGAATGTTG,1,21.593029310922905,-11.271347100112195
neuron_1k_v2_bam_GTGGGTCGTGAAAGAG,1,18.592238836610033,-17.19092445083852
neuron_1k_v2_bam_GTGGGTCGTTAAGTAG,4,19.90427725128852,4.69600805793653
neuron_1k_v2_bam_GTGGGTCTCGTCTGCT,3,6.292000330646823,21.799615495788327
neuron_1k_v2_bam_GTGGGTCTCTGTACGA,6,-7.252848964421552,2.212361935643875
neuron_1k_v2_bam_GTGTGCGCAATGGTCT,5,0.12385945930339082,25.787759572531563
neuron_1k_v2_bam_GTGTGCGGTTGAGTTC,4,19.121327185954936,2.802119444408562
neuron_1k_v2_bam_GTGTGCGTCCTGTACC,1,1.2090211968890745,-22.718096381387063
neuron_1k_v2_bam_GTGTTAGTCACGACTA,3,-2.4753132225787113,-16.947566583501327
neuron_1k_v2_bam_GTTAAGCAGAAAGTGG,4,19.097848895971012,4.496190028296162
neuron_1k_v2_bam_GTTAAGCAGCCCGAAA,6,2.2439303911681496,8.213409600598636
neuron_1k_v2_bam_GTTAAGCAGTTTCCTT,1,14.320780340655624,-18.1307767309925
neuron_1k_v2_bam_GTTAAGCGTAGCACGA,4,20.969028876007517,0.42992524167764706
neuron_1k_v2_bam_GTTAAGCTCTCAACTT,2,-21.38712265551533,3.1689591516852955
neuron_1k_v2_bam_GTTACAGAGAGTGAGA,1,18.608163189315018,-12.070838422679886
neuron_1k_v2_bam_GTTACAGAGGGTCTCC,6,-3.4413240826621556,4.041431777778588
neuron_1k_v2_bam_GTTACAGAGGTGTGGT,5,0.7946574190341338,24.897416959345737
neuron_1k_v2_bam_GTTACAGAGTCGTACT,6,1.6106900768815697,3.5290323437776623
neuron_1k_v2_bam_GTTACAGCAAGTTGTC,1,4.452285382574589,-22.231526567785203
neuron_1k_v2_bam_GTTACAGCAGGAACGT,2,-16.53620613952504,-2.7748443333615636
neuron_1k_v2_bam_GTTACAGGTCTGCCAG,3,-20.2920320045059,-17.410750279842745
neuron_1k_v2_bam_GTTACAGTCTCGAGTA,2,-17.527042956046632,3.8230679011605244
neuron_1k_v2_bam_GTTCATTGTCAGGACA,1,20.56397320593977,-11.468694276385568
neuron_1k_v2_bam_GTTCGGGTCGGCGCTA,4,21.16665848389929,0.3419697016157272
neuron_1k_v2_bam_GTTCTCGCAAAGGTGC,5,-1.5558643461457713,20.73055740516564
neuron_1k_v2_bam_GTTCTCGCAGCTCCGA,4,19.652472587778433,1.822105333786439
neuron_1k_v2_bam_GTTTCTAGTCATCGGC,6,-7.630954501430333,1.3679273732201014
neuron_1k_v2_bam_GTTTCTAGTGAGTGAC,1,4.296022589208212,-18.515101885655856
neuron_1k_v2_bam_GTTTCTATCGCCTGTT,1,19.051941943937553,-10.761071666638484
neuron_1k_v2_bam_TAAGAGACAATGAAAC,4,14.815052430151319,10.540673577244544
neuron_1k_v2_bam_TAAGCGTCACTGAAGG,5,-3.8294921106751465,21.99770873821399
neuron_1k_v2_bam_TAAGCGTTCGAGCCCA,1,12.706542638896789,-11.030810850787041
neuron_1k_v2_bam_TAAGTGCAGGCAATTA,4,19.975418042886748,6.050085774878846
neuron_1k_v2_bam_TAAGTGCGTATATCCG,5,10.61066394780068,33.58739452518727
neuron_1k_v2_bam_TACACGAAGAAGAAGC,3,-20.86815834729012,-7.9119604589222625
neuron_1k_v2_bam_TACACGAAGGGTATCG,6,8.028091060054365,-5.482556594834854
neuron_1k_v2_bam_TACACGACAGATTGCT,4,-6.337377493925614,12.458820058370346
neuron_1k_v2_bam_TACACGATCAACACTG,1,22.9280466334205,-9.296949653131005
neuron_1k_v2_bam_TACACGATCTTGTTTG,6,-10.65797084076391,2.5700853790661666
neuron_1k_v2_bam_TACCTATGTACCGGCT,5,3.2615855213155305,28.01774354765153
neuron_1k_v2_bam_TACCTATTCAGCATGT,3,-16.70239047873648,-24.128551992527964
neuron_1k_v2_bam_TACCTTACATACGCCG,3,-13.39799863410556,-19.00524825573103
neuron_1k_v2_bam_TACCTTAGTGTTCTTT,2,-17.582015396544346,1.7366345316087366
neuron_1k_v2_bam_TACCTTATCAGTTAGC,5,2.089242483440191,29.659208687916465
neuron_1k_v2_bam_TACCTTATCTGAGGGA,1,11.950735067426246,-19.99913174103188
neuron_1k_v2_bam_TACGGATCATGGAATA,1,15.322943878095042,-18.572463272207074
neuron_1k_v2_bam_TACGGATGTAAATGTG,4,18.004899263382597,2.497916422965394
neuron_1k_v2_bam_TACGGATTCCGCGCAA,2,-10.470707709725811,20.252305092290527
neuron_1k_v2_bam_TACGGATTCCGGCACA,3,-16.964638699769953,-22.270591041076138
neuron_1k_v2_bam_TACGGGCAGTGAACAT,1,12.390513187637284,-14.805186796655395
neuron_1k_v2_bam_TACGGGCCACATGTGT,1,16.82346516882193,-15.76432279928508
neuron_1k_v2_bam_TACGGGCGTCGCGGTT,5,8.54338388697418,33.303281837096264
neuron_1k_v2_bam_TACGGGCTCCCTAATT,3,-0.511973467605935,-19.443863731461175
neuron_1k_v2_bam_TACGGTAAGACGCTTT,6,7.309710626348553,-3.70608874343632
neuron_1k_v2_bam_TACTCATCAGAGCCAA,3,-19.053366192057734,-12.91505402762404
neuron_1k_v2_bam_TACTCGCAGATAGTCA,3,-19.999879010606588,-17.202770920238812
neuron_1k_v2_bam_TACTCGCCAAGTCATC,5,1.7255606976807056,29.040004355191275
neuron_1k_v2_bam_TACTCGCCATGGTTGT,2,-11.648742536360977,19.851442497217754
neuron_1k_v2_bam_TACTCGCGTCCATCCT,1,8.14637513902637,-13.834794686507399
neuron_1k_v2_bam_TACTCGCTCAATCACG,1,4.8973308282871795,-22.447817715007222
neuron_1k_v2_bam_TACTCGCTCATCGATG,2,-4.71320649735933,5.166180260989814
neuron_1k_v2_bam_TACTCGCTCTACTATC,2,-18.771491924390425,4.49551695551044
neuron_1k_v2_bam_TACTTACAGATCACGG,4,16.400667350960752,-3.7994648627764884
neuron_1k_v2_bam_TACTTACCACAACGCC,2,-14.958266340107851,11.066072304702313
neuron_1k_v2_bam_TACTTACCAGGGAGAG,5,5.3344933643686225,26.81239903959063
neuron_1k_v2_bam_TACTTACGTTCCACGG,3,-23.159652089084656,-7.447490421381453
neuron_1k_v2_bam_TACTTACTCACCCGAG,4,22.54122816563101,7.58133751795237
neuron_1k_v2_bam_TACTTGTAGCAGATCG,6,7.598372283771007,-6.936468602392238
neuron_1k_v2_bam_TACTTGTAGGAACTGC,4,21.384658361622996,2.4472660135512734
neuron_1k_v2_bam_TAGACCACAGTGGGAT,4,21.054498658285738,-6.161138690890136
neuron_1k_v2_bam_TAGCCGGCAGACGCAA,1,7.920939852713975,-12.314755561077085
neuron_1k_v2_bam_TAGCCGGCATAGTAAG,5,1.2273084386807347,22.99922767205045
neuron_1k_v2_bam_TAGCCGGCATCCTTGC,5,9.932611453267548,32.1575149694752
neuron_1k_v2_bam_TAGGCATCACACGCTG,5,-1.651758751050128,24.694451081699796
neuron_1k_v2_bam_TAGGCATGTATATGGA,6,-2.4086767162091665,20.277945571068063
neuron_1k_v2_bam_TAGGCATTCGGCGCAT,1,20.97042300073663,-15.447664074975219
neuron_1k_v2_bam_TAGTGGTTCAGCATGT,4,11.157569148264143,0.29395395621927184
neuron_1k_v2_bam_TAGTGGTTCAGTGTTG,2,-21.490281414320467,3.142462388178246
neuron_1k_v2_bam_TAGTGGTTCGATCCCT,2,-10.76623133261613,5.829348440162219
neuron_1k_v2_bam_TAGTGGTTCTATGTGG,3,-4.80566757651637,-21.39461634339638
neuron_1k_v2_bam_TAGTTGGGTGCCTGTG,3,-0.40830434212784356,-15.094340186988736
neuron_1k_v2_bam_TAGTTGGGTTCGGCAC,2,-8.264208984300671,21.018077338087064
neuron_1k_v2_bam_TAGTTGGTCCCAACGG,1,15.11463070790097,-20.54638153431429
neuron_1k_v2_bam_TAGTTGGTCCGAATGT,1,3.4508999034013867,-18.72439744688385
neuron_1k_v2_bam_TAGTTGGTCTCGATGA,5,8.601569585882475,29.76689728807931
neuron_1k_v2_bam_TATCAGGAGCTGCCCA,3,-24.420927379276932,-11.901069885826647
neuron_1k_v2_bam_TATCAGGCAGCTGCAC,1,16.55785959794989,-16.002265076218922
neuron_1k_v2_bam_TATCAGGCAGGGTACA,1,0.9199453853793548,-21.709513181415502
neuron_1k_v2_bam_TATCAGGGTCATATGC,2,-8.650046528253906,12.17328842618417
neuron_1k_v2_bam_TATCAGGTCTGTCTCG,3,-5.101853463355956,-18.856308156689675
neuron_1k_v2_bam_TATCTCAAGTGGAGTC,6,-3.1963724289292212,3.641840232094179
neuron_1k_v2_bam_TATGCCCAGTCTCGGC,2,-10.94058000359008,5.669665676302477
neuron_1k_v2_bam_TATTACCAGATGAGAG,3,-0.4822943228307631,-12.274224282391614
neuron_1k_v2_bam_TATTACCCATTTGCTT,4,18.166739442436988,6.152941604252815
neuron_1k_v2_bam_TATTACCGTCCTCCAT,2,-7.991294943311423,9.190858034787215
neuron_1k_v2_bam_TATTACCGTTCGCTAA,4,20.594108581659206,-1.7256715638689857
neuron_1k_v2_bam_TCAACGAAGTACATGA,5,6.186627595104038,31.177493446901547
neuron_1k_v2_bam_TCAACGAGTGGCAAAC,3,-1.8130105273560662,-14.354449273639837
neuron_1k_v2_bam_TCAATCTAGGTGCACA,3,-21.095044682588338,-18.117443004213154
neuron_1k_v2_bam_TCAATCTGTCTGGTCG,1,22.36282178857908,-7.559914994688325
neuron_1k_v2_bam_TCACAAGCAAGAGTCG,3,-16.22074344180775,-19.46247692835298
neuron_1k_v2_bam_TCACAAGGTCGGCTCA,2,-2.1981262200078393,5.459796886432392
neuron_1k_v2_bam_TCACAAGTCTGCTTGC,6,6.251752404124932,-7.036876190462839
neuron_1k_v2_bam_TCACGAAAGCCATCGC,4,18.38599282486493,5.208096548025116
neuron_1k_v2_bam_TCACGAAGTGAAAGAG,6,3.357901737262701,2.9927550977628985
neuron_1k_v2_bam_TCACGAAGTGAAGGCT,3,-25.86462824694767,-12.511865196351279
neuron_1k_v2_bam_TCACGAATCCATGAGT,2,-9.264873771403959,21.318726269524596
neuron_1k_v2_bam_TCAGATGAGCTCAACT,6,-5.467344563325577,1.2425481129846014
neuron_1k_v2_bam_TCAGATGCATACCATG,4,2.6425744615590654,7.891625961307851
neuron_1k_v2_bam_TCAGATGGTAAGAGAG,4,19.1174586097821,11.666917962910432
neuron_1k_v2_bam_TCAGATGTCCGTTGCT,4,21.835806135748836,-4.9375479422922455
neuron_1k_v2_bam_TCAGCAAAGTAACCCT,6,-0.04150276516524053,6.387800103280584
neuron_1k_v2_bam_TCAGCAACATCCGCGA,2,-9.92431898825591,9.656706257208759
neuron_1k_v2_bam_TCAGCTCAGATGAGAG,4,19.154214108098223,11.66670539582387
neuron_1k_v2_bam_TCAGCTCAGCCAGGAT,5,11.319449020286825,30.630257349139505
neuron_1k_v2_bam_TCAGGATGTCGGCACT,6,0.6309224715154118,-14.493664056081121
neuron_1k_v2_bam_TCAGGATGTCGGGTCT,3,-15.146731343215892,-19.8278875273177
neuron_1k_v2_bam_TCAGGATTCGAGCCCA,4,18.662503641908845,6.4573553403937956
neuron_1k_v2_bam_TCAGGTAAGCTAACTC,4,19.81864434129915,3.9630681845594915
neuron_1k_v2_bam_TCAGGTAGTGACTCAT,3,-16.122056597932822,-21.705120287490566
neuron_1k_v2_bam_TCAGGTATCATTTGGG,6,-2.6694861964234398,20.34542880211468
neuron_1k_v2_bam_TCATTACAGCACCGTC,5,-0.4822009611086862,29.888505887414123
neuron_1k_v2_bam_TCATTACGTGGTAACG,4,19.909973121603972,-1.1082898345381862
neuron_1k_v2_bam_TCATTACTCGCACTCT,2,-9.265946353260945,9.531363022456894
neuron_1k_v2_bam_TCATTTGAGACTGGGT,1,4.505702353239924,-20.31313693310374
neuron_1k_v2_bam_TCATTTGAGGGATCTG,1,9.317643597594131,-16.384471341601728
neuron_1k_v2_bam_TCATTTGCAATGACCT,2,-16.04566983589087,9.173412571430914
neuron_1k_v2_bam_TCCACACTCGTGGGAA,5,6.252355965990021,26.8945445532891
neuron_1k_v2_bam_TCCCGATAGAAGGCCT,4,16.802275742690746,-0.5066910165336005
neuron_1k_v2_bam_TCGAGGCGTGAGGGTT,2,-7.626985749686262,9.996695644669511
neuron_1k_v2_bam_TCGAGGCGTTGCCTCT,3,-18.552584587273497,-8.733399179082422
neuron_1k_v2_bam_TCGAGGCTCTACGAGT,4,15.982215824741013,7.5346566505601595
neuron_1k_v2_bam_TCGCGAGAGTGTACGG,2,-18.022214404971407,7.298632786344419
neuron_1k_v2_bam_TCGCGAGCACACCGCA,2,-19.747397128858466,2.9402205760333944
neuron_1k_v2_bam_TCGCGAGCATGAACCT,5,11.030947288826294,27.158444154006947
neuron_1k_v2_bam_TCGCGAGTCACTGGGC,1,15.452598069267433,-15.10952997027045
neuron_1k_v2_bam_TCGCGTTCACCTTGTC,5,1.8320265059689365,22.460191414495633
neuron_1k_v2_bam_TCGGGACAGTGGACGT,1,8.48094629236528,-17.136879045416137
neuron_1k_v2_bam_TCGGGACGTGCCTGCA,1,9.111748463480632,-4.200195330878494
neuron_1k_v2_bam_TCGGTAACAAGTTCTG,4,22.364671485564113,11.273157150669338
neuron_1k_v2_bam_TCGGTAAGTGTGGCTC,2,-6.8365033721447315,10.965696269650882
neuron_1k_v2_bam_TCGGTAAGTTATGCGT,2,-4.828719503954875,7.197805426149627
neuron_1k_v2_bam_TCGTACCGTACCCAAT,3,-1.21164842456725,-22.10221820456064
neuron_1k_v2_bam_TCGTAGACACCGAAAG,6,-0.6065741610872303,-2.6626130359019253
neuron_1k_v2_bam_TCTATTGCACTCAGGC,1,1.4195321523621418,-21.049361908151113
neuron_1k_v2_bam_TCTATTGCAGTTCATG,2,-16.3345155975577,1.138486286363877
neuron_1k_v2_bam_TCTCATAAGCTAGGCA,5,6.924375269701297,31.24469711160271
neuron_1k_v2_bam_TCTCATACACACATGT,5,7.260518743666072,31.935570515150108
neuron_1k_v2_bam_TCTCATACATGATCCA,6,4.591717061789379,-7.401907348821364
neuron_1k_v2_bam_TCTCATAGTACCGGCT,1,9.368237179222419,-9.858471448025261
neuron_1k_v2_bam_TCTCATAGTTCGGCAC,1,15.562455163755194,-21.71018089658105
neuron_1k_v2_bam_TCTCATATCCTTTCTC,6,-2.3559169257095824,0.26206423929992984
neuron_1k_v2_bam_TCTCTAAAGCGTTCCG,4,16.804944644339482,7.496645898416356
neuron_1k_v2_bam_TCTCTAAAGTTAGGTA,3,-0.2721172221056267,-19.369463087496545
neuron_1k_v2_bam_TCTCTAACACACGCTG,6,6.981391284543735,-7.620924587213967
neuron_1k_v2_bam_TCTCTAACACGACTCG,2,-10.099724202025312,4.845914607609422
neuron_1k_v2_bam_TCTGAGAAGCCAGAAC,5,10.226717626766778,30.61059386967262
neuron_1k_v2_bam_TCTGAGACAAACAACA,1,20.389403796052697,-10.640871425699842
neuron_1k_v2_bam_TCTGAGACAAGGACAC,5,7.022461950174401,28.098949056718272
neuron_1k_v2_bam_TCTGGAAGTTCACGGC,3,-5.861034980360645,-20.874201165169733
neuron_1k_v2_bam_TCTGGAATCGACGGAA,2,-9.07150165597637,12.03854761225825
neuron_1k_v2_bam_TCTTCGGCAAGGTGTG,4,13.128217837195603,2.026756918806888
neuron_1k_v2_bam_TCTTCGGGTACCCAAT,1,5.739259184450154,-20.330052742578086
neuron_1k_v2_bam_TCTTCGGGTTATGCGT,6,3.795388632830782,-9.029248434052134
neuron_1k_v2_bam_TCTTTCCCATACTCTT,2,-14.90641143097817,10.337665100172211
neuron_1k_v2_bam_TCTTTCCGTGGCCCTA,6,-5.225964885352126,0.05829394175681509
neuron_1k_v2_bam_TCTTTCCGTTCGAATC,6,-7.33489650065589,1.668758229408883
neuron_1k_v2_bam_TCTTTCCTCCGTCAAA,2,-20.346084545876693,-0.4311541063008582
neuron_1k_v2_bam_TCTTTCCTCTTGTATC,5,0.03721860320356491,29.14579950666709
neuron_1k_v2_bam_TGAAAGACAAGCCGTC,3,-27.317720594881578,-11.464637138657165
neuron_1k_v2_bam_TGAAAGACACACCGAC,3,-3.3839955581022743,-21.398311758337442
neuron_1k_v2_bam_TGAAAGATCCTAAGTG,3,-2.403412581477904,-16.98476277436274
neuron_1k_v2_bam_TGAAAGATCTATCGCC,3,-12.596897549279099,-26.65579340723957
neuron_1k_v2_bam_TGACAACAGTCTTGCA,4,11.979913137820883,6.758145407317802
neuron_1k_v2_bam_TGACGGCGTCGACTAT,6,-5.324946931926692,-1.0675811418743848
neuron_1k_v2_bam_TGACGGCGTCGTGGCT,6,1.4595516209980992,21.172487310740188
neuron_1k_v2_bam_TGACGGCTCGTGGGAA,2,-14.435068723019207,8.4220414753288
neuron_1k_v2_bam_TGACTAGAGCTAAACA,2,-21.628462185777853,-0.32382621706752357
neuron_1k_v2_bam_TGACTAGCACGGACAA,4,16.319778732607404,-0.5125281185131958
neuron_1k_v2_bam_TGACTAGGTAGCCTCG,1,21.524195851083388,-12.484044765640926
neuron_1k_v2_bam_TGACTAGGTCCCTACT,6,-4.826638604741277,-1.9284163606917937
neuron_1k_v2_bam_TGACTAGTCACCATAG,1,19.26896540257862,-16.467975548055453
neuron_1k_v2_bam_TGACTAGTCGCAAGCC,3,-18.83044302892579,-14.529461939167922
neuron_1k_v2_bam_TGAGCATAGGACGAAA,5,1.3323393848917202,25.83584747795427
neuron_1k_v2_bam_TGAGCATGTTGTGGCC,5,-0.19633530356986842,20.328901281926782
neuron_1k_v2_bam_TGAGCCGAGGATTCGG,5,11.08902406731425,1.4491016483379529
neuron_1k_v2_bam_TGAGCCGCAGGCAGTA,2,-31.2350175785482,9.063431961958619
neuron_1k_v2_bam_TGAGCCGGTCTAGTCA,1,16.570689393950687,-22.254644265681236
neuron_1k_v2_bam_TGAGGGAGTTGCGTTA,4,8.495753617646542,-3.2909974485071873
neuron_1k_v2_bam_TGATTTCGTTACTGAC,1,8.346500750252192,-10.358832535626386
neuron_1k_v2_bam_TGCACCTCAATGAATG,3,-5.640711032066811,-15.097566377517278
neuron_1k_v2_bam_TGCACCTCAGAAGCAC,5,-5.75963094296336,23.89927945176429
neuron_1k_v2_bam_TGCACCTCATGACATC,1,21.212462295937357,-14.110051919066656
neuron_1k_v2_bam_TGCACCTTCCTTGCCA,3,-2.1937184295559486,-22.117329432521455
neuron_1k_v2_bam_TGCCAAACATTGAGCT,2,-20.723269701216655,-3.830147822692989
neuron_1k_v2_bam_TGCCCATAGTCTCGGC,2,-19.889021380972867,0.1881311287031873
neuron_1k_v2_bam_TGCCCATGTAGCTTGT,2,-7.645075851601088,20.001379204826918
neuron_1k_v2_bam_TGCCCTAAGACTGGGT,3,-23.230423107267736,-9.718418884468274
neuron_1k_v2_bam_TGCCCTACAATGCCAT,5,5.010923933276456,31.21350886200946
neuron_1k_v2_bam_TGCGCAGCACGGATAG,2,-16.36051268533077,9.949887560054425
neuron_1k_v2_bam_TGCGCAGGTACCCAAT,2,-5.35495628450306,6.83205009529128
neuron_1k_v2_bam_TGCGCAGGTGTAACGG,2,-15.883812160561549,7.567473013920407
neuron_1k_v2_bam_TGCGCAGTCACATACG,5,-5.858014331828976,23.854426972413407
neuron_1k_v2_bam_TGCGCAGTCTGAAAGA,5,5.734205283376725,28.111976907515164
neuron_1k_v2_bam_TGCGGGTAGACAAAGG,1,20.24569716723602,-17.224841877352272
neuron_1k_v2_bam_TGCGGGTAGTGGCACA,1,8.426174792072382,-8.681562786484546
neuron_1k_v2_bam_TGCGGGTAGTTAGCGG,5,0.4793667247398046,24.871146740483788
neuron_1k_v2_bam_TGCGTGGAGCTAACTC,1,18.367420197833447,-20.915666725826135
neuron_1k_v2_bam_TGCGTGGCATGCAACT,4,15.106488169023917,7.45203998122626
neuron_1k_v2_bam_TGCTACCCACCGGAAA,2,-5.931516285249487,3.7525249009224595
neuron_1k_v2_bam_TGCTGCTGTCCTAGCG,2,-7.868649570399438,11.552886936409996
neuron_1k_v2_bam_TGCTGCTGTTCACCTC,2,-17.21822423438241,8.885377995196677
neuron_1k_v2_bam_TGCTGCTGTTGTTTGG,4,13.98409360027904,8.481523126954954
neuron_1k_v2_bam_TGGACGCAGGCGACAT,2,-8.943826896519562,12.367424604771978
neuron_1k_v2_bam_TGGCCAGCAGGTGGAT,3,-3.000687520249286,-21.508898468898742
neuron_1k_v2_bam_TGGCGCAAGTTCGATC,4,16.10961824092647,-3.9626971851651493
neuron_1k_v2_bam_TGGCGCACAAGTCATC,2,-10.501920100354145,5.127762710757819
neuron_1k_v2_bam_TGGCGCACATACGCCG,2,-15.35700022310113,10.612370313249519
neuron_1k_v2_bam_TGGCTGGCACTCTGTC,5,10.626758288255294,29.14029003590851
neuron_1k_v2_bam_TGGCTGGTCTCAACTT,4,18.18177295137467,2.6934974709157125
neuron_1k_v2_bam_TGGGAAGAGATCGGGT,6,6.769445671722,-5.0773699919016035
neuron_1k_v2_bam_TGGGAAGTCCTTGGTC,1,22.60124332963301,-9.901283348616696
neuron_1k_v2_bam_TGGGCGTAGAATGTGT,2,-19.006631153233535,-1.5307102079575765
neuron_1k_v2_bam_TGGGCGTGTTGAACTC,3,-18.364543722022102,-8.787498238628627
neuron_1k_v2_bam_TGGGCGTTCAGATAAG,6,-0.11252505568383202,-1.2994459723118168
neuron_1k_v2_bam_TGGGCGTTCTTCGGTC,1,8.617756648565452,-1.8405266294210656
neuron_1k_v2_bam_TGGTTAGAGTGGGATC,2,-21.55649098756967,2.2021489624301194
neuron_1k_v2_bam_TGGTTCCAGGCATTGG,4,18.273125220140667,5.512954611096112
neuron_1k_v2_bam_TGGTTCCGTTTGGGCC,4,11.02781753626503,0.1698553397907398
neuron_1k_v2_bam_TGGTTCCTCAAGGTAA,2,-30.73290835047624,9.804063707898312
neuron_1k_v2_bam_TGTCCCAAGCACGCCT,5,8.538978347158814,30.15047980904243
neuron_1k_v2_bam_TGTCCCATCTGTCTAT,2,-5.072106238701105,9.709493855742409
neuron_1k_v2_bam_TGTGGTAAGAACTCGG,4,7.987217608978387,2.3149039771776008
neuron_1k_v2_bam_TGTGGTAAGATAGTCA,2,-31.467314077681557,10.55205899261778
neuron_1k_v2_bam_TGTGGTAAGCAACGGT,1,15.137691513680807,-22.350643366969813
neuron_1k_v2_bam_TGTGGTAAGCTAACAA,5,-7.6714826330491475,21.64114455565556
neuron_1k_v2_bam_TGTGGTATCCTATTCA,2,-7.139052474656518,22.375467026913366
neuron_1k_v2_bam_TGTGTTTGTAAGAGGA,5,3.12692936281979,27.20817635938249
neuron_1k_v2_bam_TGTGTTTGTCTGCCAG,1,18.252797863853864,-18.283044373901475
neuron_1k_v2_bam_TGTTCCGAGCTGGAAC,3,-16.646025737128785,-10.504087297527036
neuron_1k_v2_bam_TGTTCCGCACATGACT,5,7.990545793692669,32.59465327485451
neuron_1k_v2_bam_TGTTCCGGTGGTCTCG,3,-0.7665662868830861,-15.560829474744688
neuron_1k_v2_bam_TGTTCCGGTTCCTCCA,4,21.100628683318032,3.8125823467010713
neuron_1k_v2_bam_TTAACTCAGCTGAACG,2,-14.063279018004462,0.6057034151879848
neuron_1k_v2_bam_TTAACTCCAGTAGAGC,4,9.42730959894353,-3.3096286074258088
neuron_1k_v2_bam_TTAACTCTCTCTAGGA,1,16.37544034783113,-10.810312935842237
neuron_1k_v2_bam_TTAGGACAGATGCGAC,1,18.857745037479667,-15.83437630492953
neuron_1k_v2_bam_TTAGGCAAGGATGGAA,4,14.40212012946063,4.2689146805871765
neuron_1k_v2_bam_TTAGGCAAGTGTTTGC,1,0.6750328768503695,-21.47316379758932
neuron_1k_v2_bam_TTAGGCACAAACGTGG,6,-9.026581554584357,3.0369467165571984
neuron_1k_v2_bam_TTAGGCACAATGGATA,6,1.0013108938660964,4.812789599780385
neuron_1k_v2_bam_TTAGGCATCACCGTAA,6,7.458673712990386,-4.1505330870123895
neuron_1k_v2_bam_TTAGTTCAGAGCTTCT,3,-19.51790513588402,-15.71339912585653
neuron_1k_v2_bam_TTATGCTAGAACTCGG,2,-7.353205425311068,4.892331030199783
neuron_1k_v2_bam_TTATGCTAGCCCAACC,3,-0.3437797556447735,-18.803821797701968
neuron_1k_v2_bam_TTATGCTGTTCCACGG,5,-1.0170814203984013,29.88067389500145
neuron_1k_v2_bam_TTATGCTGTTTAAGCC,2,-21.073370221930944,-4.246855329505291
neuron_1k_v2_bam_TTATGCTTCCTACAGA,5,7.217829887909742,34.93991936957136
neuron_1k_v2_bam_TTCCCAGAGCGCCTTG,5,7.174533841911388,22.051790054554843
neuron_1k_v2_bam_TTCCCAGAGGAGTTGC,4,19.975613164349067,-1.2105118395345627
neuron_1k_v2_bam_TTCCCAGGTTCGCGAC,1,9.299677354078474,-11.254761965892264
neuron_1k_v2_bam_TTCCCAGGTTGTACAC,1,20.09305941213332,-13.72338532466629
neuron_1k_v2_bam_TTCCCAGTCTACTCAT,3,-5.186680158991566,-19.892603087050684
neuron_1k_v2_bam_TTCGAAGAGATTACCC,4,17.454613465421808,7.233240176696153
neuron_1k_v2_bam_TTCGAAGTCCGAGCCA,5,8.084982972093552,29.147140025303635
neuron_1k_v2_bam_TTCGAAGTCTACTCAT,3,-5.091904887892289,-14.965388032712257
neuron_1k_v2_bam_TTCGGTCCAATCACAC,2,-7.9619178108066455,12.6412318457674
neuron_1k_v2_bam_TTCGGTCCAGCCTTTC,3,-18.19227615762755,-9.022344821968478
neuron_1k_v2_bam_TTCGGTCTCAGGCGAA,3,-23.9458094096735,-9.520023183017413
neuron_1k_v2_bam_TTCTACAAGGCATGGT,5,0.35288322723596754,26.79737495096103
neuron_1k_v2_bam_TTCTACAGTAGAGTGC,5,8.14096877479808,30.858250314604863
neuron_1k_v2_bam_TTCTACAGTATTAGCC,5,4.582030526498551,23.063323474090026
neuron_1k_v2_bam_TTCTACATCCGAATGT,3,-0.2604086364595134,-19.8512602945017
neuron_1k_v2_bam_TTCTCCTGTAGGAGTC,5,6.788249864147741,33.193673998651704
neuron_1k_v2_bam_TTCTCCTTCCCTTGTG,4,19.92466797764686,7.417379510412145
neuron_1k_v2_bam_TTCTTAGCAATGAATG,1,16.772148934435435,-16.464643281343115
neuron_1k_v2_bam_TTCTTAGCAATTCCTT,4,10.445628751350355,-7.368199156318843
neuron_1k_v2_bam_TTCTTAGCATAGTAAG,3,-19.211510921939634,-13.270779755674559
neuron_1k_v2_bam_TTCTTAGTCAGCCTAA,2,-16.076130757117276,10.571010867172728
neuron_1k_v2_bam_TTGAACGAGCGCCTTG,5,-5.765570551433301,21.950679725702383
neuron_1k_v2_bam_TTGAACGCACATGACT,6,-2.795197599458641,8.715458031428495
neuron_1k_v2_bam_TTGCCGTCAAGTAGTA,1,8.579090251709044,-11.277810185900412
neuron_1k_v2_bam_TTGCCGTGTATGGTTC,1,6.934411819381563,-8.510495213657812
neuron_1k_v2_bam_TTGCCGTGTGTCAATC,1,19.99011225854902,-10.219183158168816
neuron_1k_v2_bam_TTGCGTCAGATGCCAG,2,-16.449468295725346,10.457299917724692
neuron_1k_v2_bam_TTGCGTCCATCACGAT,6,-1.202282427970403,0.4145925342945359
neuron_1k_v2_bam_TTGCGTCGTAAGCACG,2,-15.339737334032938,8.678623465961863
neuron_1k_v2_bam_TTGGAACCATACCATG,1,8.762681825745538,-10.527658015449337
neuron_1k_v2_bam_TTGGAACCATCTCCCA,5,3.00239428305386,29.00680797753027
neuron_1k_v2_bam_TTGGAACGTCGGCACT,1,9.315239642018547,-10.517099331068266
neuron_1k_v2_bam_TTGGAACTCCACGCAG,1,21.88931242032087,-11.471256343503088
neuron_1k_v2_bam_TTGGAACTCCTCAATT,2,-7.740225076805326,21.97825190983071
neuron_1k_v2_bam_TTGGCAAAGCCCAATT,2,-10.909122251936198,19.510493370242482
neuron_1k_v2_bam_TTGGCAAAGCGATGAC,3,-20.386710205924793,-7.62153295803849
neuron_1k_v2_bam_TTGGCAAAGTCAAGGC,4,14.886817373485398,-2.719491004364206
neuron_1k_v2_bam_TTGGCAACACATCCGG,5,6.0026304854682,31.840145125623497
neuron_1k_v2_bam_TTGGCAACAGTCAGCC,3,-5.011245638478971,-18.866513983198654
neuron_1k_v2_bam_TTGGCAAGTAGCGTGA,1,0.1780273068875234,-21.23719056497208
neuron_1k_v2_bam_TTGGCAATCGCGGATC,3,-16.414423965343545,-22.887292327953972
neuron_1k_v2_bam_TTGGCAATCGTTGACA,3,-19.275644685631136,-14.545388801132962
neuron_1k_v2_bam_TTGTAGGTCCTGCTTG,4,15.604503197285325,9.887217072630673
neuron_1k_v2_bam_TTTATGCCAGGCGATA,2,-18.73720654374844,5.706028720951951
neuron_1k_v2_bam_TTTCCTCGTATGGTTC,4,17.206544044089416,-2.6091704456205673
neuron_1k_v2_bam_TTTCCTCTCAGTCAGT,2,-6.500538669536726,11.096075626419221
neuron_1k_v2_bam_TTTGCGCAGTAGTGCG,1,0.5633796047059706,-15.933009464049238
neuron_1k_v2_bam_TTTGCGCCACGCATCG,3,-20.892999268015267,-16.476119242504407
neuron_1k_v2_bam_TTTGCGCCACGGTAGA,1,20.49510275633792,-11.51307142076211
neuron_1k_v2_bam_TTTGCGCTCTTCGGTC,1,21.871422404931597,-8.147909916151452
neuron_1k_v2_bam_TTTGGTTAGCAGGTCA,2,-7.311324828264863,11.38030424585846
neuron_1k_v2_bam_TTTGGTTAGCTCTCGG,2,-13.660662828970214,8.389995611805316
neuron_1k_v2_bam_TTTGGTTCACCAGATT,3,-11.219806776618354,-27.397792918060187
neuron_1k_v2_bam_TTTGTCAAGCACGCCT,1,8.791058884224146,-11.017072290253893
neuron_1k_v2_bam_TTTGTCACAGGATTGG,4,10.087978220850065,-1.9367491673177253
